sample_001,sample_002,sample_003,sample_004,sample_005,sample_006,sample_007,sample_008,sample_009,sample_010,sample_011,sample_012,sample_013,sample_014,sample_015,sample_016,sample_017,sample_018,sample_019,sample_020,sample_021,sample_022,sample_023,sample_024,sample_025,sample_026,sample_027,sample_028,sample_029,sample_030,sample_031,sample_032,sample_033,sample_034,sample_035,sample_036,sample_037,sample_038,sample_039,sample_040,sample_041,sample_042,sample_043,sample_044,sample_045,sample_046,sample_047,sample_048,sample_049,sample_050,sample_051,sample_052,sample_053,sample_054,sample_055,sample_056,sample_057,sample_058,sample_059,sample_060,sample_061,sample_062,sample_063,sample_064,sample_065,sample_066,sample_067,sample_068,sample_069,sample_070,sample_071,sample_072,sample_073,sample_074,sample_075,sample_076,sample_077,sample_078,sample_079,sample_080
0.12770851920580123,0.30471633520920177,0.14384154338347072,0.20888864833099802,0.21180817829700352,0.25697546785325653,0.20761284683587972,0.18616879265342362,0.24014533168994442,0.24677957365071745,0.17766053843113017,0.2180581208156593,0.14590263431788997,0.24609824930258606,0.17359145778266263,0.21763975986018846,0.1943061562136456,0.19413749551481976,0.15399530547310866,0.1877127506352377,0.1627886382142025,0.24116022725620875,0.1664088000297533,0.24956557154122747,0.18324619896118696,0.14407424882897413,0.1425429379589627,0.23760374783295146,0.20402110281843155,0.2814061186082342,0.12818236410592118,0.2648529131974877,0.2607372794477781,0.24954151982494796,0.22024717263286947,0.23566722427106956,0.16964194784776676,0.14709357565389514,0.22478734848315818,0.25492261136647343,0.24559311872542544,0.3068747306021006,0.1974587841272265,0.29529329893004025,0.2841882896320055,0.20257459618093152,0.17614869242211986,0.16655179343157764,0.19932813899022628,0.19397578085853803,0.15846672982050464,0.21917181963906682,0.12156151038639355,0.1653388873602869,0.14558890458765741,0.197385036795248,0.19183595205745113,0.1964685477216608,0.22395100808036603,0.17316210863339154,0.1962672255843958,0.18157257098304186,0.28335769775900727,0.2672802403607422,0.17482764523922273,0.20855857663906102,0.28741924912545647,0.24740783127408494,0.1974164798569274,0.20694197639509349,0.29039489102699817,0.26977098256635934,0.19286968701121104,0.2007743939018787,0.1437296775008355,0.24058582497979014,0.19595601932552464,0.2764013707723299,0.1933280528252328,0.23082795324800193
0.08104968483969638,0.2365281277534912,0.0987478885171457,0.15007232346174948,0.15279053045158789,0.19858716550945787,0.1473531722639005,0.1340699267727821,0.186524088580564,0.18486220916734475,0.12613618839477664,0.1629057466143364,0.1014610771104974,0.18730447639138004,0.11738834363547555,0.16306304248002695,0.13883636622087694,0.14255367449116985,0.10562553577050318,0.12689818933638422,0.11052422996435009,0.17305230077879608,0.11246110902295277,0.18669968778688997,0.12538426891181895,0.09730060819164445,0.09634395507424914,0.1826551092573232,0.14198340495113432,0.21304391038367024,0.08383062061243812,0.20207304370236484,0.19290176133386638,0.1936569680801826,0.1625219625866685,0.18271233700939643,0.1156617192043378,0.09828389256612502,0.16485337874813588,0.19568861656237985,0.18509475684719512,0.2399952958335137,0.14263437307385013,0.23007068523580204,0.221575291772524,0.14383888570979747,0.12587176511218554,0.11898464737978633,0.13661210149446013,0.14154427890849894,0.10576052064776768,0.15533415041603718,0.07614203946247941,0.114943526523625,0.10014755657237799,0.13746288307417906,0.13278835377637604,0.14013278221587824,0.1716675640367236,0.12200949942578722,0.13677174092536992,0.12587963996494161,0.2180693363225146,0.20272177715853454,0.11593074016354651,0.14426520419127262,0.22264521801090936,0.18713127699391294,0.14286948462320315,0.15026851648970327,0.22501708583505853,0.2055851715642412,0.13463335200552934,0.14116956621865678,0.09470944102608125,0.17819408671233516,0.13815869190424387,0.21277459541388344,0.13779535939126397,0.1657781752396784
0.0981275300447555,0.26893672922561696,0.11578914999670473,0.17524216279765578,0.17807215748291885,0.22470496986309887,0.17292236646883652,0.15605052317450302,0.20991847064487337,0.21185506794032133,0.14773667281272154,0.18661486792131282,0.11867081682514662,0.21299227304984242,0.14016092727892632,0.18656175688894922,0.16182651695949024,0.16470532707018393,0.12469457251996965,0.15174105219094527,0.13163154195341836,0.20227800355642522,0.13420613525577704,0.21423021383768304,0.1491600395518563,0.1146932896034711,0.11353380925311989,0.20649670837877482,0.16754467359020503,0.24454399606513336,0.10029137664142146,0.23039906758461215,0.22307005497253177,0.21835851346198593,0.18718179009866048,0.2058229856590539,0.13761044444790943,0.11634616670584379,0.19036641680120656,0.22203610177634261,0.21144615043297346,0.2718755776321845,0.16577005991676033,0.2610435180333062,0.2508860126085654,0.16845787666825293,0.14703761239930083,0.13883172231548407,0.1624498835742567,0.16379781433770288,0.1260873216053157,0.18241455818994867,0.09287734929383758,0.1355769933752932,0.11745039894531213,0.1621745202189775,0.1573346374031175,0.16346369184756532,0.19441751857585635,0.14325963725150406,0.16134563900053114,0.148907823145491,0.24842060331526966,0.23190341104762782,0.13932310371276643,0.17096928847170376,0.2530079968422433,0.21349144324779376,0.16595323986544647,0.17463049386879076,0.25578681244601664,0.23475019865495136,0.1588033582624056,0.16572921129770551,0.11269601025010136,0.20504390241485826,0.16200511050709293,0.24207255309969525,0.16082841836960854,0.19324736844287527
0.2288182277000059,0.20281579386616588,0.20406247678086173,0.1979935281138345,0.19741396703158795,0.15002460504368634,0.22022250925726825,0.16599239443680505,0.11492459686648701,0.20358004569660115,0.1931282403689179,0.14602485417593447,0.19243182146155532,0.16934921550176163,0.2792356165550115,0.13866906791366396,0.18918139449037713,0.13122353689824498,0.23994953786757972,0.28821544256423026,0.2636129194983024,0.2750326013543527,0.2730091466328678,0.21042531104225934,0.2656954734871799,0.22990312378591057,0.22063243415300704,0.13382587986238373,0.25509524550817975,0.2303060604940849,0.19367097885633058,0.19014518717619575,0.24936315362653247,0.1302038760872066,0.17774406648396485,0.10854704114032428,0.2641935651610328,0.2596827549449276,0.2025577222273641,0.16269810205605914,0.18937107455075264,0.18670198182500594,0.1687606206567572,0.1788467126099655,0.16327278640565326,0.2119278803254866,0.17959972543033118,0.17861492040394197,0.27673462844083196,0.1443998715484539,0.2867096167008829,0.24992692933442315,0.21492150996497075,0.22782401769906813,0.20980867952338242,0.2442466248051287,0.24791860326184828,0.19471123425501446,0.10627252601865476,0.2078722254705446,0.24138975375834096,0.24084030421625421,0.1946579635697963,0.20672339670437453,0.30303970350185205,0.2734198398139281,0.18378635746638794,0.18452548716459105,0.16464773703268218,0.17204771789847612,0.18680157740748426,0.19952020841258292,0.23314711097019644,0.23009542627862398,0.2596088679774777,0.21653214730226553,0.21785359044315766,0.18490104331569812,0.19330939607873646,0.2562282841499547
0.45168666138445845,0.5198078229087134,0.4447485615858517,0.4703882415401873,0.4714699049893741,0.46463882346258123,0.484297933980394,0.44113908554311343,0.43770507524198826,0.4928352451296816,0.45319880026708587,0.4441688372068463,0.43900611061554545,0.4710147969913651,0.509834273996789,0.44006723652970864,0.4577999639936467,0.42360168902140793,0.473327665453153,0.5224838700935442,0.4939438845629567,0.5389532354392816,0.5021679141056858,0.4986397588371831,0.5046688640944182,0.46104147081115016,0.45402237572032544,0.4466151838864142,0.5064861937918276,0.527147950548149,0.4299075847649937,0.4929746276539921,0.5303539294360069,0.44996123012358874,0.46336403387600233,0.4316939345001807,0.4975307867156074,0.483208456388659,0.4813134667636949,0.47123644271203663,0.4831890059858062,0.5104730004159427,0.44730145794822235,0.5001974433711663,0.4854424227629638,0.47636385565379014,0.4447951304022399,0.4403266262341885,0.5196642515194111,0.431625388929785,0.5078874546841267,0.5102554700945615,0.4402491127548366,0.47035852651348936,0.44908265718640633,0.49583405816598863,0.4959479676915556,0.4622822933442174,0.4241108669616736,0.4606060798587688,0.4933466953158385,0.486523810431764,0.5046149165583986,0.5047754160963814,0.5267525442589148,0.5216096611570157,0.49962778676175573,0.48102831819925973,0.445008493724079,0.4532981995350437,0.5029157460835142,0.5013044059588395,0.48614270785731534,0.4876015890848928,0.48120070671839765,0.4982514780765438,0.4771603501421386,0.49515360297636823,0.4599955028852382,0.5204816758242544
0.2777568341533648,0.5572953008412596,0.3162426971607009,0.4216646144842661,0.42643438352474305,0.5169450926481945,0.4091038171695336,0.40286689152052363,0.5108536777455025,0.47534697936202497,0.3770949827991389,0.4611485196862761,0.325384545749282,0.4914834213214352,0.3313139816238309,0.4640747511278609,0.4041231366983683,0.4326882191230178,0.31797201748527276,0.3488858489328749,0.32141322457749555,0.43504869851747424,0.32280548479949656,0.4760014186812107,0.3516493394250547,0.3050752655139467,0.3065119721835038,0.4973897922007305,0.38786058038153715,0.5116553090203281,0.292844322267034,0.5075165077342708,0.4738761752413956,0.5167169542295345,0.4490159023706039,0.5074862147848322,0.3317866577545931,0.2973012824856039,0.44374745402487364,0.5074087976862255,0.48064250147013293,0.5681939807209804,0.4186405127748786,0.5559341165074699,0.548314170652292,0.4053259520956308,0.38102864780021833,0.3666037891861939,0.37149230300876346,0.42564898278916985,0.3047534733448109,0.4134874207860763,0.2736172950791122,0.34156304671457277,0.31701355859561314,0.3824936394495564,0.3723400307653911,0.4045306832253406,0.49072960339912564,0.36314511170263564,0.3820669708212897,0.3601333526559866,0.531346278383714,0.5028464626573054,0.32266301424754756,0.38725573338318775,0.5424282874561099,0.4856363196630267,0.4205441799895001,0.43148136026034567,0.5450982471662801,0.5098483148994257,0.38060696558898505,0.3941157539537891,0.290812673144862,0.46033292256311964,0.3924916631075609,0.526396754378984,0.40058110832670685,0.4282985635343276
0.12403471170189384,0.29434012761753026,0.14074593043934155,0.200080712749903,0.2029639840928542,0.24871256830916458,0.19824460269928068,0.17837797243527453,0.23296323567935273,0.23735286555137947,0.16980759819506414,0.21038155339611198,0.14296903935038774,0.23754923026271957,0.1638643485279994,0.21014712376522746,0.18570990225261075,0.18718437473764746,0.14920729158538282,0.17671176545443185,0.15568759936895052,0.22990501050926546,0.15830696317377235,0.23991330788305962,0.17311411336049365,0.14021505683559576,0.13896358887566232,0.22997420689963807,0.19376672892714242,0.2706923865885016,0.1260321415060944,0.2554611419903931,0.24985616855267678,0.24188033120789265,0.2117520639313711,0.228575904761806,0.16098565864471487,0.14230499222325196,0.21557973319457172,0.24638574323977172,0.23655073867422136,0.29687443556477233,0.18938107332682283,0.2856792205450663,0.27514378287474617,0.1934275881974705,0.16873409455589228,0.1600657055828911,0.18842932796982662,0.18664213260808524,0.15182488839661792,0.20880238835046383,0.11880538734985902,0.15834264995366953,0.14230521380205666,0.1873546684852375,0.18164711371762424,0.18767948739682067,0.2171463715931437,0.16525912272110288,0.1862920542417864,0.17222642963513035,0.2735408517469743,0.257422230126265,0.16436304145798994,0.19772178572093374,0.2778107464743851,0.23845670873349434,0.1894529602897715,0.19880632291602207,0.2806612117904907,0.2600567624930102,0.1830491174663468,0.19115418201566794,0.1388152505335172,0.23092922670959282,0.18656496112824464,0.26694796379831337,0.184629437727777,0.22027259319636772
0.11892897800109653,0.2952741714496212,0.13736501351680283,0.20251217480164213,0.20546832394920703,0.25056941962474283,0.2006054537599403,0.1809331504809039,0.2360347037887004,0.23929587468696975,0.17146847807029467,0.21310636254941182,0.13989835220922148,0.2398402898950342,0.1641638724584003,0.21286753505156883,0.18818035148139348,0.1898168665060821,0.14686720395812253,0.17807104102004329,0.1541927395184625,0.23144530952283945,0.15715870430494688,0.24163644427547218,0.17449803901937205,0.13682063109676768,0.13541364158051195,0.23303617083547193,0.19596304298122566,0.2715970501743492,0.12052321147579574,0.2567776437346772,0.250769808373675,0.2443113181997473,0.21449477893737606,0.23177775755948063,0.16084111072904173,0.1391338639539861,0.2183925157415296,0.24824684503468167,0.23869104107306577,0.2979044534211615,0.191892734948763,0.28684581099573614,0.2764921834571646,0.1957638622209261,0.17040033092869558,0.16067604247426787,0.19051047596841147,0.18924276638012438,0.14948565697490174,0.2113725824478915,0.11333358275269864,0.15783901292396926,0.13911018175146536,0.1895970439904093,0.18387668697674137,0.19011768233876364,0.22004855132808537,0.16643897341336214,0.1885540990276741,0.17373347744566214,0.27468838846782867,0.2586056916614958,0.16400031979452118,0.1999764988112117,0.2790020934049858,0.24054027909387574,0.19197648667119144,0.20124457263764617,0.281810449072614,0.26127199580193583,0.18536824186975973,0.19343307042983776,0.13525175960563296,0.23309441312207602,0.18892402329955757,0.26821330335412924,0.18709274445542576,0.2225893656863248
0.12938118490490355,0.31569597625111206,0.14764663562811603,0.21723372772647312,0.22038561065229706,0.2679504578031499,0.21596816047025605,0.1942492230469205,0.25062398999166163,0.25747295218342714,0.18561209594291764,0.226897264916636,0.15035838132803436,0.2567734546274506,0.1807067502114781,0.22641237535637046,0.202209736784437,0.20240211488346818,0.15968342839091867,0.19489066005126648,0.16921046997547176,0.2517304062570434,0.17296766580453435,0.26033508263770333,0.19073495833786405,0.14749347275882,0.14580871930666575,0.24796184074758973,0.21227522133631857,0.2923748378631148,0.13055472488894224,0.2758860404965052,0.2717017646962164,0.26031939291817957,0.22940953188126623,0.24575630786479852,0.17686319010212698,0.15058600411236672,0.23443747265487636,0.2658389040018837,0.25625355678271877,0.3178705839571663,0.20546911944887594,0.306309837532677,0.29523939926962994,0.21055223414854288,0.1841903356650758,0.1744963474972443,0.20726034701333929,0.20215418197564625,0.16353911516167896,0.22861855989648538,0.12301810234837249,0.17260147795809874,0.14966957395681293,0.2051874137124103,0.199482279939627,0.20432967938465005,0.23308336183964995,0.1810430136641142,0.2040413779713188,0.18922133407956043,0.29436524031977296,0.27828768864205183,0.18091658277624983,0.2172816458794959,0.2984371253242392,0.2581175879037613,0.20545157119277155,0.21508789004457585,0.3014057990922191,0.280785552088074,0.20055762667100271,0.2086835053466144,0.14634030615218746,0.25111356689637576,0.20374426721149677,0.2874293033606963,0.20121128558820406,0.24110787561168592
0.13665728143732875,0.3014825772564255,0.154627605074689,0.21087597112269177,0.21374916446289896,0.25826252918127435,0.20906228825724754,0.19107565823444905,0.24357446012359385,0.2471251875173942,0.18385927850248782,0.2211985729330051,0.15686400726949226,0.24756463514169155,0.18002584980344896,0.2209701033512775,0.19760585694863095,0.1983742534293577,0.16386600013001096,0.19163547574686926,0.17116691006274748,0.23947163621615505,0.17403815027917277,0.24949251688059398,0.18773389471391488,0.15446194256399765,0.15295380013381574,0.2406285504097407,0.20514303918611185,0.2784195969158193,0.13778354379523566,0.26435572133206064,0.258558050028139,0.25192464070091614,0.22253203257566143,0.23935212095391473,0.1766381958709373,0.15750801352520874,0.22630787703502037,0.255973079290476,0.24647488868339357,0.3041046394914738,0.20068635077792146,0.29303525806894243,0.2831762609644944,0.20463791838540302,0.18276385462484096,0.17487889475869858,0.20097058374952548,0.19802743052596555,0.16885191819896345,0.21945540003344158,0.13064451026940582,0.17328716173535358,0.15639581434227878,0.19952237722315105,0.19482715308669807,0.19939964641808192,0.22796033771010338,0.18003147056834398,0.1986096772439764,0.1864961517800372,0.2814162274236096,0.26607803416199693,0.182103996394554,0.20887814984062694,0.2855409499112578,0.24831390285055596,0.20071378888923325,0.20961055246381782,0.28821222406174357,0.2686274100948574,0.19582776540453362,0.20276339627340062,0.15376526845958868,0.2409479805148391,0.19860126583841556,0.27525970792503346,0.19668293511282162,0.2305386320959022
0.17996943657165884,0.13937297144691418,0.15609164597945163,0.14310049305393818,0.142224945066367,0.09683884621489322,0.16254417416909608,0.11794459998361878,0.0670447759321299,0.14423228157231288,0.14263181912590922,0.09675191766108056,0.14579764543140583,0.11450083502719263,0.21642037409173429,0.0903551432893492,0.1371190687177853,0.08492457181048726,0.18575159180463233,0.22210200716611647,0.20475700433073238,0.2059780829273973,0.21216848709683384,0.14996494262379173,0.20420543454074044,0.17832231348113375,0.1705802631844414,0.0840743196640274,0.19280956859822918,0.1649359761673589,0.14890817445685559,0.1313093084905964,0.1827411634656939,0.07995217876244293,0.12418809210850484,0.0613832642230131,0.20453483365169906,0.20308236769406532,0.14523691478605374,0.10807294107508686,0.1319806433451751,0.12519305751637044,0.11902575907500823,0.11941652622488635,0.10657856719524227,0.15593624364625497,0.13105434280017428,0.1314073383927954,0.21150966233483273,0.09750230846159658,0.2236992349405203,0.18663121128990467,0.1688728721332422,0.1741721687412945,0.1608348365611511,0.18436927872548262,0.18819223577826866,0.1416595909705504,0.05957119425755308,0.1559669881472454,0.182052412313115,0.1833555708757252,0.13396946141353028,0.1455261242448182,0.23513209747593966,0.20773616141316242,0.12424801054085258,0.12763742721350332,0.11544988184478336,0.12076428539514021,0.12667211882250812,0.13911155357005214,0.17538242093063322,0.1717166788905193,0.20355413559033128,0.15588436014974213,0.1617978309961592,0.12595970252848404,0.1408553995691975,0.19077872513435368
0.34359354276439563,0.4049071206720857,0.3375858014796701,0.36021039427081597,0.361185002599468,0.3546946535344732,0.3729417434013284,0.3344080975374396,0.33142500227275457,0.3805512116407072,0.344698205179175,0.3367280431736248,0.33286016704214366,0.36059176134303095,0.39642648056814983,0.3333581918858933,0.34878832308526325,0.32086793343922027,0.3631609205827902,0.407893043574465,0.3819675550038821,0.4226037479705083,0.3894634223668333,0.3858402330695802,0.39165684683602353,0.3519709868258913,0.34560832039671036,0.3386312324899275,0.3932112665047917,0.41169488077930183,0.325918603861458,0.38059578432628594,0.4146987390202392,0.3414313997634918,0.3537149248323799,0.326899835625424,0.3852089744474039,0.3722404122859017,0.37012457763108114,0.3607518384810578,0.3717382713609482,0.3963838906704618,0.3394127150328982,0.38705707773823717,0.3736187253411077,0.365711643694814,0.33746020530153903,0.3338381973672012,0.4052555362401597,0.32701827499548514,0.39473496073079906,0.39657622526269465,0.3340212390124269,0.36039321350206316,0.34115466029454433,0.38352586564220453,0.3836545976770793,0.3528497345842808,0.32119475922667085,0.35143149474324636,0.38126059361314774,0.3750960607832587,0.3911442752470564,0.39136203378528245,0.41186217481094317,0.4069799915709401,0.38657216456771304,0.36975302533007476,0.3375304319872347,0.3446460538715298,0.3895616885151418,0.38818245918768474,0.37469729802850044,0.37599274346823963,0.3704270802564015,0.38552623352039606,0.3664721904964293,0.3825342971736074,0.3507858506051415,0.40583818358182794
0.2809608860680487,0.5554238697332853,0.3150311585704861,0.4171726636945349,0.4218780318978043,0.5119479528061739,0.40562311972463333,0.39571348466141354,0.5035718372398694,0.4719374841727362,0.37151580371992693,0.4546535975016749,0.32270841126546573,0.4868428230199088,0.3302198411289362,0.4570593171369541,0.3988086839509617,0.4235829103167049,0.31748884801451643,0.3485985863674207,0.3208726948464262,0.4342525201705975,0.32225175138837603,0.47292058513943097,0.3500364616637189,0.30560214851423984,0.3066905048145325,0.49121539150901555,0.3860807620141858,0.5101957342648634,0.2929266954954234,0.5041186258621864,0.47259468716135866,0.5108685551800186,0.44393883289028174,0.49950070049905704,0.3300129838387047,0.29931605399228417,0.43968282042664586,0.5027826109637163,0.47668810812014806,0.5657941680199687,0.41242422380108823,0.5529506608330472,0.5444950759946912,0.40140145201257,0.3744822233191694,0.3600969634212886,0.37085961689626906,0.41720423151781094,0.3066640035446078,0.4112171417822346,0.2760271797068637,0.33812828742425316,0.3161232121060169,0.38004311473514946,0.36995952091382955,0.3995527676821417,0.48224050746749614,0.3582100117774165,0.3794359299448343,0.35713280240704465,0.5286102451908328,0.5001162808705012,0.32308400995431424,0.38628345423364546,0.5394110264437304,0.4815604174296661,0.41399190325652874,0.4258656742391146,0.5422675124514743,0.5069222772242933,0.3774539316654188,0.39100628188095926,0.2939058816324025,0.4572283004828323,0.38860344370621525,0.523124362536089,0.3954254382403191,0.42645105246010556
0.15600099106543744,0.3231327334530503,0.1721047624275341,0.2281097386948213,0.23096027656032725,0.27450535179027574,0.2272804479818197,0.20790118008583863,0.2577979537005698,0.26528348161842347,0.20199882097418426,0.23592179030724644,0.17395743634520944,0.2642181155301483,0.20619965786715982,0.2353698326206756,0.2147795530120082,0.21318290708348694,0.1841378989892028,0.2180065145767226,0.19480096348110137,0.26223512608845995,0.19919646885606962,0.2680558335037814,0.211138914248765,0.17361535214895857,0.17137751546507887,0.25551212074177776,0.22560492511822017,0.2999312798378004,0.15536853470094983,0.28257033726368064,0.27946935542237855,0.2670990380467083,0.238682396371078,0.2531379338644819,0.20083186487534074,0.18042365704321733,0.2436143463286236,0.2726661036581101,0.26396693339021104,0.32508940432260064,0.216764906948886,0.31324942409020307,0.30177838262123763,0.22225158426661687,0.20048154321832376,0.19258927492713315,0.22470289537751922,0.2133831369859612,0.19559151210400613,0.23950160113524055,0.14878404307721124,0.19320426114296166,0.17410587758150003,0.21919709932539286,0.21533849945111708,0.21659168957133232,0.24116933056160908,0.19889360824208885,0.21817536142427685,0.20691298374736078,0.30138525132724286,0.28527309514772403,0.211441602596188,0.23155339861273183,0.3053433848927705,0.2656619398071277,0.21664174833169744,0.2257390057667517,0.3084008138616274,0.28769070589748774,0.2150912022075149,0.22124077881225784,0.17662756060034546,0.2594620469386841,0.21684946819263662,0.2941963330530966,0.21413168484684048,0.25099958258486255
0.12332140154414302,0.31242213832532073,0.14186484223706422,0.21499886603862403,0.21806894957099857,0.2655090114494984,0.21337396202425277,0.1908552424666052,0.24865733968536788,0.25454663652737775,0.18074632041975852,0.22525418830682714,0.1443912112205153,0.25422401999093647,0.1734606654973998,0.22490187870745698,0.19940598926577702,0.20057216726552113,0.15278813870383198,0.18904783439446668,0.16186428045462967,0.2479511280515967,0.16538565345492517,0.2573070157092026,0.18497461082641117,0.14151470166153327,0.1399883544882764,0.24583687177325553,0.2089983028426528,0.28896614233150536,0.12446133595619542,0.27310450142754483,0.2682208809780954,0.25813263560697974,0.22716552061206668,0.2438895420718786,0.1696765309758119,0.1438356389955908,0.2317129552353735,0.26328521239505526,0.25349489868086,0.3147685811673593,0.2033521431890669,0.3033962231933046,0.2925930961035292,0.20817413892405542,0.17935742009169858,0.1685571751806841,0.20295548426540616,0.2000793394440887,0.155493323819617,0.2251420971727043,0.11754944826134868,0.1660107859268156,0.14377103583136244,0.2017634823713264,0.1952762958266682,0.20168661235521693,0.23170621040235095,0.17540060004922522,0.20053828513801392,0.18396967211171725,0.291371815342612,0.2752922620506453,0.1730008038256064,0.21351687482228576,0.2955343280144997,0.25539615739944665,0.20339272830993907,0.21327571528606729,0.2984429686679171,0.27785327648865366,0.19680134163780605,0.20590570106561362,0.13970855669562637,0.2480927785032455,0.20064284969603358,0.2846083355083519,0.19822011076111246,0.23768627452679383
0.10792539796952799,0.2824171189386749,0.12624255314776564,0.18951371668802286,0.19244593496524723,0.23856387352450795,0.18729447960073956,0.16864366957849758,0.22372387561115858,0.22637600552127146,0.15916353744681097,0.20073452350568893,0.12894345462662035,0.22723565538484675,0.15072162767776026,0.2006006233821929,0.1754652174528554,0.17794450612834872,0.13474633443593634,0.1640304711138996,0.14154956289153434,0.21755258332002228,0.14427655545663487,0.2287543051386799,0.16100695724131192,0.12527787979616073,0.12403621301234204,0.22044992817968553,0.18216266414690127,0.25860451582519567,0.10994608497990528,0.2444361262344651,0.2377191580806927,0.23221051749313407,0.20165791734520544,0.21955359586959605,0.1478333798021701,0.1270673486408445,0.20507685699878644,0.23604246676419413,0.22586895840729024,0.28522348290873983,0.179438402113404,0.2743622011729313,0.26429625105877586,0.1826297588567036,0.15832693616632645,0.14901427221605454,0.1764212379260802,0.1771754937861634,0.13616134085851028,0.19746071885934785,0.10260407273268708,0.14558078252606912,0.12788139612792992,0.17602693528939067,0.17031187048159468,0.1773008657108753,0.20816276755080282,0.15411262642829585,0.17503826988448154,0.16064609817740133,0.2621208753808508,0.24603631397594347,0.149895702341181,0.18585101688080494,0.2665300575759273,0.2278358731641457,0.17958067517860346,0.18863915445496357,0.2692749704032867,0.24876903366553788,0.17201038875345165,0.18004705887524936,0.1232160448021512,0.219803430522251,0.17576915087949155,0.2558285847315939,0.17432659009742285,0.20849772381960216
0.05855798520310525,0.20446373004941482,0.07383064039300674,0.11815746990520189,0.12038490219513831,0.16361460921631277,0.11569397498146318,0.10472196776450254,0.1507144960015179,0.14996572270590036,0.09756641431692875,0.12868704732640296,0.07632018754656758,0.15196932569224428,0.08888022430321585,0.12880942503306445,0.10844426572520852,0.11199989022252894,0.07936566171427295,0.09726397899191236,0.08351020660403857,0.13902843336425463,0.08501705855611126,0.15196778095473865,0.0961334252998238,0.07216781733007918,0.0715392565865636,0.14707961614037188,0.11053592469126923,0.1802715236123254,0.06165764205251089,0.16792201401490434,0.15922319478921418,0.15811765379812134,0.12842452699730844,0.14711156921194282,0.08767454404342076,0.07247705934331464,0.13051692100992054,0.16072530793369494,0.149986772326204,0.2077624927280715,0.11173988925138612,0.19745223121893848,0.1881884095743408,0.11247845112165022,0.09747228803464447,0.09136805163973816,0.1058510718838498,0.1110530870232116,0.07889860705407105,0.12241087394588644,0.054568514940499406,0.08744811474504113,0.07489472861647853,0.10683408690271844,0.1029321647912733,0.10946253372811066,0.1365718605386275,0.09372750296224779,0.10629065769769613,0.09683467453594281,0.18497639797385867,0.16888631048483432,0.08755019691643894,0.11261795835074388,0.18965223595951422,0.15201194934695483,0.11196773988411862,0.11838885237109828,0.1922200905464714,0.1718045270385258,0.10460396108673883,0.11000767931941276,0.06950152567977572,0.1433008752578119,0.10763828054335228,0.17919419835980013,0.10755260043795295,0.13145203089431123
0.2626869121429365,0.24492371593938747,0.23926233297314095,0.23574967148040732,0.23537104191764716,0.19001656402259892,0.25788053528059474,0.20411642724863288,0.15643328738026355,0.24340987283244966,0.23022753504155746,0.1864550334209733,0.22822566756923823,0.20884785515425094,0.3188660458825523,0.17939279489839438,0.22663886928000548,0.16916980215602365,0.27499494460607493,0.32970553152505605,0.3006598585955721,0.3194125015855431,0.31129354976842777,0.2507603383713968,0.30477813509253093,0.2641834504731447,0.2551625090211742,0.17481203488038324,0.2948020433415131,0.2730132659211126,0.2279945393494449,0.23002502172929876,0.29236582042924014,0.1711657829534911,0.21688894461166375,0.14979384931787673,0.30208793267951156,0.29450330297682353,0.24137256655055433,0.20224102229098567,0.2287371983624852,0.2280403110124217,0.20722861494882738,0.21933216526032498,0.20276331460535751,0.24928688080314376,0.21713963725158875,0.21606652099034748,0.31798562258839963,0.1829304087905173,0.325201410808976,0.29061759479546834,0.24898971050332658,0.2634970545288558,0.24492102656764475,0.2823967005432479,0.2860303221884131,0.23204820195947662,0.14657047819168242,0.2444071719806325,0.27919484139138395,0.27759441166197624,0.2355063527456999,0.2475814853755988,0.34459856363556557,0.3150725600196787,0.22422285640018236,0.2239221370548944,0.20328210835914806,0.21078711350219745,0.2275109470984804,0.24009156663770556,0.2700198792156539,0.267426649839625,0.2942199379243504,0.25673592772966336,0.25472912380902446,0.22496426564453909,0.2305983610899617,0.2984576012109963
0.37626661519149024,0.426251151549154,0.3700002306486545,0.39140195139700146,0.3922478203976302,0.3864605931807218,0.40194775941005123,0.3665869394826285,0.363392169970261,0.4078845889704386,0.3774058644895821,0.36915404970111726,0.36485566314520496,0.3917232702876031,0.4195047091640831,0.36548407518175174,0.38120307292312106,0.3518601737158564,0.39376388722754807,0.42812820186582407,0.4086753947914064,0.43936594541945784,0.4142788147221675,0.41184674878227695,0.4159856451016818,0.38406346532628316,0.3782893435596738,0.37123841781772743,0.4172248285023405,0.43129374034247747,0.3572731196551871,0.4079589723493511,0.433505520217665,0.3741677863753731,0.38562115041904393,0.35846500317188,0.4111203477220927,0.40120185046691587,0.39965104658612455,0.3918550596256275,0.4010079704347013,0.41986820736397035,0.3720517841822372,0.4128588919972601,0.4025932749021971,0.3959685624995439,0.36990188193003437,0.3659472774314739,0.42620713971051627,0.35855125009287403,0.41817569231027796,0.4197980454620214,0.366086857144943,0.39151880506172665,0.373864281810112,0.40996717375941744,0.4100432101066181,0.38485022792165513,0.3522525651285396,0.3835853221314231,0.4082729348993539,0.4036230190066109,0.4158910124916112,0.41601878306359685,0.4310403026643556,0.42753488121633537,0.4124786119096193,0.3993702957486516,0.37000119935924836,0.3773696108717176,0.4147219596162114,0.41364429867747665,0.403363131908756,0.4043529291404216,0.3996947823046494,0.41159131677627453,0.39658529576485685,0.40943424355664554,0.3829985723878894,0.42676983506516597
0.11523677274222477,0.34277768977545714,0.1512744399123081,0.23148211515921524,0.23525614305385203,0.3208376975313567,0.21608996775617206,0.22521949272655575,0.32504464797117977,0.27162425491889336,0.19845566427726524,0.27570778431015514,0.16077885689146987,0.29409177551598803,0.14371251016352798,0.2801507008797861,0.21986152076775228,0.25894198793583445,0.14364565537977883,0.1540298962953496,0.14050835736837863,0.22099402713871572,0.13926768440415654,0.27043943331432746,0.16154455378647042,0.13664451454082793,0.13986312465314762,0.30827603596207764,0.1912626553251539,0.2962024506151783,0.13673256325537803,0.3028487369964166,0.2585511966297556,0.32568659266944183,0.2574759604805621,0.3240725478524923,0.14757357228807277,0.12416455092767878,0.24699603181346103,0.3095167705146958,0.2797717882846961,0.35629921766762346,0.23676167266881398,0.34764119388153364,0.3448759554876401,0.2152799164887038,0.20515083448596472,0.19475711819774308,0.17372257559553972,0.2491985416763345,0.12344372913061412,0.21142362562191758,0.1153665325131174,0.1632182755127312,0.15027604305060022,0.19003061080550862,0.18148220868023318,0.2188481264526345,0.3111589585107257,0.1843014608822569,0.19041840437524915,0.17404653075978277,0.3223500809091131,0.2946035534244265,0.1323893897626767,0.1860211209288803,0.33469409808070166,0.28529989151133156,0.23939705749799176,0.24573983729127408,0.3362511912949787,0.30250064806813975,0.19135138741448096,0.20225526382386397,0.11939027256100726,0.25610574029426164,0.20403281481565297,0.3205193536966484,0.21603690508782153,0.22087292733881725
0.051434882493636314,0.21054503505427258,0.06827496334569036,0.12017520356876674,0.1229725583370965,0.17172570519582392,0.11674306377006398,0.10512644985714166,0.16004700733861282,0.15683247571213957,0.09601482302275,0.13511128809274606,0.07128689601584436,0.15990625166021077,0.08356774437693273,0.13549138948139372,0.10909441036543407,0.11484004553227187,0.07307726630496736,0.09359701851619959,0.0771181897485139,0.14220216546816622,0.07864571861941855,0.15859006808609152,0.09271326623919018,0.06572646872396025,0.06533277126073357,0.15581661674248834,0.10993626112221404,0.18532417490018574,0.055677479627578956,0.1745969977639551,0.16422779070489832,0.16703267451813728,0.13368722371811395,0.15643875555331993,0.0822982303491835,0.0652080289633383,0.13535596962619512,0.16855954894760675,0.1573155786480606,0.21433140032075243,0.11363482207248604,0.20413198281953218,0.19518669806134065,0.1134850917225235,0.09622779278174887,0.08898082422675002,0.10392491608873289,0.11333373609276233,0.07132057876483762,0.12390906589051628,0.04780025971282925,0.08302495885962809,0.06922736882041267,0.10579568085718366,0.10110956602890493,0.11024599027216386,0.14555968396010543,0.09111235375676817,0.10521988139174492,0.09406167292476181,0.19109524852735235,0.17497343276346572,0.08106050090705023,0.11166338179985551,0.19611720024448584,0.15947254818564952,0.11400845278782107,0.12114155769723461,0.19862882014123956,0.17801387185365314,0.10341762499389316,0.11003513588719507,0.06205138888750337,0.14940636197645638,0.10736442294148069,0.1855875840664414,0.1078962596975988,0.13462332986250602
0.10415514293929769,0.29034651154411945,0.12252967210804465,0.19177588912384166,0.19507848965918362,0.24305132617461933,0.18990267176839085,0.16741081219209106,0.22624418466183394,0.23207189916868387,0.15728030503073698,0.20238504401070978,0.12525258036988926,0.23175871373660387,0.1505849707922094,0.20198400416380854,0.1754030808460719,0.17700868196482022,0.1324102300866036,0.16465694235458048,0.14042407613609822,0.2255378730716339,0.14363158516249627,0.23483315040119704,0.16077691250903187,0.12180170871967375,0.12045272465482128,0.22340407731403328,0.18492017161826702,0.26690369682795945,0.10601691627547224,0.25063208783171526,0.24577534550429211,0.23569497368787715,0.20452558842746302,0.2214898351826404,0.14735622600594492,0.12394809931744258,0.20923125005319143,0.2408208593017674,0.23102199703708706,0.29267660243153315,0.1793368907271751,0.28128858440050714,0.2704699067661092,0.18402813712050933,0.15622548756525556,0.14691493800806998,0.17872223761674771,0.1764112440907382,0.13468587309480903,0.20267287149984822,0.09838254953569535,0.14424706826497422,0.12423703535849365,0.1772049554239475,0.17077870599696582,0.1775159424906036,0.20896227991806357,0.15251234663436936,0.17594149412297597,0.15981935331854805,0.269269058332945,0.25291960663501456,0.15018378272069277,0.19000098228936027,0.273425330102835,0.2329244133354003,0.1794155899860742,0.1899494993478354,0.276338455418943,0.25553737076982175,0.17238194157406808,0.1815150651809488,0.12006801658312455,0.22561568856326894,0.17631226408021516,0.26245450850774615,0.1742479386668038,0.21522116479607759
0.18523272047148087,0.3791242284284027,0.2021717773191529,0.277804046871698,0.2808263364625447,0.32520739651807634,0.27847696109263365,0.25085232274514696,0.3050708612605361,0.31834310018508205,0.2437757649994515,0.2836452169844656,0.20435695394170725,0.3150479153248311,0.254365567961095,0.2827062866330456,0.2614155904815354,0.25702698157242276,0.2223034452386759,0.27195700194939765,0.23820896001028483,0.32318914670211457,0.2445736987923978,0.32188236724138863,0.26172957486920734,0.20637382649768055,0.20250591397597803,0.30358954444815195,0.2808328355451692,0.3571164913075609,0.18010668736823437,0.3362793932328485,0.33796077832561844,0.31604415730469315,0.28815475521653505,0.29976169193586105,0.2462680052287529,0.21696091016003102,0.29495903767688514,0.3239018625981636,0.3159151845691812,0.3802581854954603,0.26327242425244235,0.36753625306766846,0.35478158395555304,0.2724221375315546,0.24088480113893623,0.2296673385507034,0.2810568068340037,0.2577962154978463,0.2385096777309116,0.2952217919267131,0.17565395891510566,0.2337828598263306,0.20550251024352867,0.2718486175646655,0.2667023498240412,0.26423213958040914,0.2871415425339107,0.23989394236369505,0.27016040948466064,0.25445694654466894,0.35608541206834216,0.34016524835531087,0.2608900420942009,0.28963174514620227,0.35959589935103414,0.31748799314428217,0.26294436857820996,0.27367383505953474,0.36293724925543,0.3421431497193112,0.2649585823705325,0.27278158722549695,0.2118906454096351,0.31298711278771185,0.2658191552989596,0.34807615888628346,0.26072491982134727,0.3085368495322469
0.11666010899203429,0.27728934867402905,0.13245192959309365,0.18353643346648538,0.18597677380065974,0.23012054079355407,0.1823546732773603,0.16508642571948318,0.21379228931373942,0.21972758404049292,0.15798038076071416,0.19151452747674483,0.13430783161853546,0.2192580352160292,0.15376033797457908,0.19115905977303377,0.1714996140862937,0.17180402964783006,0.1402351517387122,0.16510855593980367,0.1462027696883955,0.21388609796762015,0.1486023754629304,0.22235824705898613,0.1617247609603835,0.1322602999424319,0.13107668751844823,0.21121833823110012,0.17908654354078218,0.2539051542121,0.1181116097794191,0.23769589505528438,0.23319256085183834,0.2228556907828409,0.19340297351192473,0.20920264568815894,0.151001988312929,0.1343488742893106,0.198102912905489,0.22799581913290132,0.21866844154998688,0.2795390767261724,0.1742141329754606,0.2680610809371424,0.25710870376597056,0.17819424787962237,0.15686165350370132,0.14968180469840392,0.17492058789961612,0.1715748760536807,0.14294229737053082,0.19239914103549852,0.11128416739784425,0.14844549153135286,0.13387685919015777,0.17364278459364746,0.16897600381024544,0.17320454314221836,0.19738171119910702,0.15421383960587076,0.17273189532333294,0.16068696882601435,0.25608143348906254,0.24000171002335782,0.1541367720689707,0.18269938041941985,0.260193154791188,0.2204324053922652,0.17421092625102771,0.18202931990982213,0.26313541277963653,0.24252850773129192,0.16995559328178594,0.17658261295901373,0.13119154994202037,0.21372373833368993,0.1726377751479668,0.24922142468885464,0.17067295852055014,0.20412547149699609
0.34490372229348604,0.3296112087155424,0.3149148020785873,0.3143609006272946,0.314165846625906,0.26397990093598495,0.34171442547958225,0.27341314367068786,0.22272406302983755,0.3253602035285452,0.305617675491861,0.25532191451691244,0.30080403446868703,0.2845904487201476,0.41613629640950084,0.2469919706247215,0.3018133719131225,0.23239604241006434,0.3625704931502206,0.42862390076836787,0.3944570796498417,0.4153503321999069,0.4071448390736133,0.33392554800759344,0.39892275216765394,0.34800770738191694,0.33584230219817485,0.24380007851614516,0.38618956157780615,0.36105903010414736,0.29922864086884854,0.31102218253235797,0.3836543031660274,0.2410122863663166,0.29213093508436133,0.2145777833584267,0.396107326601676,0.38715095061496607,0.3220236246753782,0.27801634987654983,0.3082900838993549,0.3105652038188261,0.2777280679052224,0.3002359215368167,0.28153281361107907,0.330592804170065,0.2892064673827955,0.287077669726767,0.4139888749517071,0.24856730516869022,0.4241502207269012,0.3811170273185243,0.3262470011781176,0.34817424279835685,0.32248395058514295,0.37146932901686985,0.376086194227847,0.3086728985873136,0.20947156518136253,0.32364699417921794,0.3676653036693458,0.3663696487744406,0.31803539006798986,0.33102811523951764,0.4473095509246748,0.4105202094731004,0.30543489824601905,0.3027254359303118,0.2728210633080079,0.283023264212621,0.30928099113813945,0.32264228496122194,0.35678961576514434,0.3533261020696915,0.38666793605211264,0.34048035782460384,0.33737578867707413,0.3058015051053082,0.3067298972193189,0.3899633336662498
0.4315875114890191,0.497737274073228,0.4251830243176941,0.4495637649448596,0.45062057905329195,0.444042489869788,0.4630510502063745,0.4220435357938908,0.41910053393422636,0.47143706818801345,0.433195923061851,0.42477153858424666,0.42005716059453513,0.45025673488208406,0.4877552407671329,0.4210841038778051,0.43741211079183423,0.4073125420058544,0.45226772649421876,0.5000681342154101,0.47229850003441126,0.5161465555523775,0.48029378817794727,0.477075958996686,0.48274905862095835,0.44032270812633295,0.433891398147426,0.42696297251725956,0.48455334495671054,0.5048077396866866,0.41234758808410193,0.47161114591666864,0.5078596530473238,0.43013260823140986,0.4427733244281985,0.4141376826455581,0.4757940717813465,0.46184140358957604,0.4602052218579762,0.4504722454868174,0.4620716621241417,0.48868170846129727,0.4275767355121152,0.4786854907285133,0.46431277380171465,0.4553435061874271,0.4252969477306479,0.4212820337820858,0.4973405766133834,0.4140184085638826,0.4858466800593643,0.4882523144410005,0.4210959693007395,0.4494223189133495,0.42913532907211227,0.47420741622542784,0.47430307822277157,0.4416674305763258,0.4078525845598345,0.43998788971685426,0.47179289767963734,0.46513899608529147,0.4829478136190434,0.4830702384772929,0.5042105274806495,0.4992447592615039,0.47811610939286886,0.45997865648193353,0.4255255664165003,0.433352499538148,0.4813133283271158,0.4797063363568133,0.4647991141201841,0.46623430096366075,0.45988414044766623,0.4766754843063664,0.456097419623642,0.4737505741107728,0.4394413660018982,0.49820130690012426
0.30866144041570615,0.6021027304668248,0.35038331040723375,0.46199325145325887,0.46686114303061105,0.5567746954839388,0.4506820126232839,0.43854144618990026,0.5471424636986251,0.5177060866679624,0.4140525142012024,0.49846478198410854,0.35879425733029313,0.5318812843052413,0.3737295269863384,0.5007113147277988,0.4425881144197398,0.46640247000350393,0.3559481731183772,0.39321087224409923,0.3617838004443236,0.4815664286835712,0.3641284417789235,0.5188838737586418,0.3940701736759163,0.34082083196402796,0.3413712663939679,0.5351247106723698,0.4314355149459396,0.5571179609370569,0.3227834459494856,0.5498941171025697,0.5196220938522387,0.5548605310745043,0.4887180793001745,0.5428563350825375,0.3728483589566773,0.3350798940968216,0.48506303974952664,0.5478296309816346,0.5221337164893812,0.6121605734359671,0.45592440882464846,0.5989716322682989,0.5900209255707735,0.44604792371590263,0.4168294566667173,0.40116532066373395,0.41615871340311383,0.4601868844787605,0.34596966246788086,0.45740675821341903,0.30185447500388507,0.3798517801325707,0.35181383310925274,0.4247961078931723,0.414368733410855,0.4436104565185936,0.5253226348829932,0.40091420828388397,0.424076107076236,0.40075743671860964,0.574777686459706,0.5462871788120399,0.3666968134975715,0.43219769257511986,0.5854119773382762,0.5269339635338662,0.4574353250921823,0.4699067913278925,0.5883788996702475,0.5529772344961298,0.4217591009926783,0.4358108217869333,0.3278381672657548,0.5031774971310595,0.4329508670624236,0.5689742039367632,0.43929030497908045,0.4731440210993739
0.20556615336421669,0.38581368431917934,0.21781323479520087,0.2833846285200686,0.28640713936654816,0.3318470148663387,0.28406257248529704,0.25764294235370644,0.3117199914749495,0.32483586103323026,0.2509102903343038,0.2895044032530246,0.21874668007943684,0.3216507355080378,0.2613271686368714,0.2885948508470429,0.26745608568071816,0.2635814714519772,0.23492694485243729,0.27692414123508763,0.24810516041155214,0.32952915719481823,0.25339464765372555,0.3283747555492833,0.2676492192264754,0.22256007489790633,0.21905407837447596,0.3102117110634869,0.286246649349859,0.3636527937570719,0.19975322134716697,0.34290107145247295,0.3446752970822838,0.3226913502615998,0.2940791179645477,0.3062767537335513,0.2544553443126213,0.23204361602863888,0.30113186979384127,0.33052625572796085,0.32250180489422775,0.3869599807282618,0.26933199038176114,0.37422149345114153,0.36145775321092516,0.2779514665058229,0.24830153601456453,0.2385812085880652,0.28602214795957576,0.2642571044855937,0.24961746955088335,0.30129191171714587,0.19708297539234348,0.24307068035097568,0.22060779273947853,0.27738550477469964,0.272540326619531,0.2700931095578048,0.29316316818446464,0.247660290729018,0.27569695220092216,0.2610916672032991,0.36273865234024605,0.34669134221827286,0.26776956096412885,0.29474041347027025,0.3662632998292921,0.32408137829135597,0.26903614163740736,0.2794376740799737,0.36960833597033416,0.34875131862095415,0.27067865480674347,0.2783050513719281,0.22850328587871865,0.3194591197298754,0.2716957669762751,0.3547222627906939,0.26679578378633945,0.31502525568762224
0.16762616368671393,0.3583848632844589,0.18624240213638052,0.25785576633296975,0.26108733787928673,0.3070118616220334,0.2575895895501534,0.232085936938951,0.28823352017036696,0.29867600655357673,0.22440658720140588,0.2655140897614872,0.18851995475477437,0.29655541756107706,0.2267557195930212,0.26469269829724856,0.24135014167520377,0.23891379147872702,0.20094052607924962,0.24250341089601973,0.21313384326126295,0.2969854649842707,0.2181506004446918,0.30184212047745806,0.23465282152081687,0.18760050124942756,0.1851862191360407,0.2862916947163136,0.25587577775849685,0.3355403452887483,0.16657469806418337,0.31676354183100164,0.31520298591493906,0.298567472749518,0.26940692605421923,0.2830846073101769,0.22061416040874146,0.19428523303826806,0.2754867838064574,0.3053967544256026,0.29685536841404664,0.35993813595933316,0.2438004236774772,0.34768415315007617,0.3356085542920408,0.2515336595795196,0.22231945883653773,0.21224702294924475,0.2532916154666792,0.23927219307451605,0.21118445102395544,0.2719891007787747,0.16036821634890494,0.2129526704073369,0.18875447904708217,0.24777494848506051,0.2418799017331742,0.24386162336451228,0.2701465134357686,0.22037453420963504,0.24634250482705322,0.23070115857979392,0.33603419422647407,0.3199629676229982,0.23080806554097286,0.26278471107613527,0.3397710125029554,0.29852797567950945,0.2435999238449445,0.25436351986608635,0.3429621508309518,0.3222281888057092,0.24202210718966294,0.25057203336231165,0.1896442771837414,0.2928336060808931,0.24446409576472794,0.3284576491545919,0.24050842670313483,0.28485504063225475
0.15318819665395747,0.3414112627441124,0.17210014666074797,0.24220595997308866,0.24531991185751906,0.29133115234877915,0.24155765011927113,0.21699686436879245,0.2732416704365858,0.2823302908438904,0.20882715708039934,0.25045288207112276,0.17458834990005223,0.28072358502034295,0.20820718892212337,0.24978769380261154,0.22638359166110894,0.22445027662577355,0.18530831575057727,0.22375500561991743,0.19574493248470826,0.27886765686236437,0.2000085098663172,0.2853619149073635,0.21741440711069904,0.172827962616515,0.17066149620183996,0.271066143821602,0.2389843494269758,0.3184055501173688,0.1531019568634415,0.3004121912714048,0.29786681548703725,0.2832514996288353,0.2537605686000538,0.2682421874022092,0.2028967794902141,0.1778844819070974,0.2594142857907126,0.2895587583830567,0.2807352853228431,0.34317784892447967,0.22913682871836866,0.33116199473318586,0.3194317649528713,0.23588414340879696,0.20698673947479565,0.19714042562877798,0.2351008729342265,0.22468351585177013,0.19303201192259983,0.25495077620037804,0.145913804147397,0.1969497731586682,0.174479918247276,0.23139838398320955,0.22566440431682044,0.22882161091510347,0.2555795449152811,0.20459880170037187,0.23010510914286406,0.21446668597651128,0.3194108967469634,0.30333790688279466,0.21144346372378509,0.2447233800817952,0.32326277775940115,0.2824586562730968,0.2289698721175414,0.23930735782016488,0.3263774929441758,0.3056826847677975,0.22619147200923792,0.23455017273178658,0.17345221167494948,0.27636446799736214,0.22898644692969713,0.3120544218521134,0.22546668566169575,0.26753756736250334
0.1880138512616257,0.3801524255295811,0.2082288821232504,0.2793263647385833,0.2824761568530961,0.32826707639881,0.2791356559163205,0.2534983380144402,0.3092288617336028,0.32019189627921935,0.24577321529500715,0.2866685618952697,0.21038465619809643,0.3178689953286053,0.24914388416059038,0.28585262840873954,0.26313376264757293,0.26024828242767073,0.22296050286254682,0.26493715453841626,0.23543123715276898,0.31898405101832106,0.24067330125173536,0.3234128744736993,0.2569868890946505,0.20991436671462238,0.20731058592284782,0.30737432399262254,0.2776527965156305,0.35737944361743995,0.18672342644994103,0.3382805002864293,0.3370606272915186,0.31968398168998835,0.2906493960858099,0.3040247308821425,0.24288718259712755,0.21702251957747262,0.29689613488126126,0.32671261753591274,0.3182812510707055,0.3816187266831852,0.26549965983817875,0.36926890813373364,0.3570563076434637,0.27320135086758845,0.24343043846363213,0.23298376032091264,0.2752874059363298,0.26070375266485385,0.2340189685650515,0.29368023854536346,0.17895696964103122,0.23438875643075657,0.21078778091546557,0.269686109737507,0.2639717272664487,0.26567316277656655,0.2911009794610711,0.24168807422297894,0.2682727940567589,0.2526818961423337,0.35765967835411455,0.3415900383742612,0.25355755298612753,0.2846395249043807,0.36135027309551515,0.31993394453446,0.26526683798844225,0.27585637417119724,0.3645720255355108,0.34382255707132714,0.2640138349251605,0.27232104585570877,0.2124745693306315,0.3144017510750603,0.26632966821756066,0.3499951107905176,0.26230279682741026,0.3066467730954229
0.3510336373063121,0.31590592178260946,0.31680278170315695,0.3034983169501848,0.30285789177317834,0.24957455192724975,0.33129180315616436,0.26655737338839397,0.2106620147670975,0.3123634477826117,0.2994429139853165,0.24279771265116545,0.30272597024402337,0.2710117847440367,0.4118012291714614,0.23515452672604453,0.29298416119472526,0.2264898366481435,0.36205225968268145,0.4219375764446982,0.39243244038365316,0.40332313126257896,0.4045146036045819,0.320965100724111,0.3926867853237713,0.3497681906497816,0.33791433942070565,0.23007514537551574,0.37644512541454156,0.3482516299447982,0.30725223946097296,0.2974616631955726,0.37119396115874675,0.22673738506143726,0.2793800755289284,0.20364999522593205,0.39232026658234836,0.3890110953847597,0.3096577409051834,0.26393283930579164,0.29499118260462687,0.29648276930021134,0.26825208231776954,0.2862788803732672,0.26710774710311896,0.32095340108377557,0.2834410648452261,0.2838425058166352,0.405341591610527,0.24140798694250853,0.42341891383667163,0.3695622588543065,0.3348393579097188,0.34506063336894693,0.32354096425777745,0.36285114502183685,0.36826836596188384,0.29961855782589747,0.2002820002750497,0.3184244796933339,0.3592495095188908,0.36016308144611187,0.3043724693213369,0.31783030330286943,0.44267951482173185,0.40031727345612617,0.29148511912569575,0.28926082157796806,0.2636226008209873,0.2720128036513491,0.29535415307327645,0.30924578716066786,0.34890334870214645,0.3441238578465164,0.3895202549866408,0.32793120308731527,0.3287274295059755,0.29198926353768745,0.29811511119866907,0.3780767592821313
0.430055399180556,0.49499432952336064,0.4231215243814891,0.44780257632080195,0.4488377430803232,0.4424471673090918,0.46100721127386207,0.41927072134088034,0.415732196492145,0.46922606601800676,0.4316373133208091,0.42259247427898855,0.4170131853644468,0.44849509283596933,0.4851995390746629,0.41814053918524363,0.43580833998743385,0.4023393737201441,0.4504447211773806,0.4972600455330354,0.4700609920677446,0.5130107957975402,0.4778911919963469,0.47474715481291085,0.4802972119362337,0.43874660130237786,0.43231176568481744,0.42522420075483475,0.4820655114669616,0.5019070546179079,0.4081751281330718,0.46940555273115114,0.5048944471038279,0.42868989529317175,0.4411617231179098,0.4100120799953153,0.4734848311529653,0.45981897837563285,0.4582231655886654,0.4487251468927572,0.4600600733508304,0.48613211547495383,0.42597432716249917,0.47634027414394076,0.46228873193822756,0.45345892845602376,0.4232536963107307,0.418411373784201,0.49458866826897296,0.41007279050830137,0.48333058097144727,0.4856880151093849,0.4182107358163783,0.4476578241565798,0.4276569299970195,0.47193194543609424,0.4720259600814107,0.4400711434186574,0.4027951092696561,0.4384208986480788,0.46956698840192973,0.463050364173606,0.48050957031722435,0.48062144013795877,0.5013179648510415,0.49645421795423567,0.4757827436894623,0.45801271874779786,0.423521120789524,0.4318019743822318,0.47891344000343894,0.47733047065397816,0.4627173906479036,0.4641236575584257,0.457901825628126,0.47435251241614934,0.45419729025910827,0.4715051489698114,0.4378917360080305,0.4954332168094366
0.29826369707408273,0.5915649609712397,0.34123064258867786,0.4522741479019413,0.4571240889821756,0.5471468983717468,0.44073436488543455,0.4299071612425544,0.5385707034321456,0.5076156667227587,0.4047466733832473,0.4895690996534616,0.3500209191836254,0.5221495176468112,0.3633626285870978,0.4920964756936105,0.43316269202183166,0.4581043431649009,0.34618376792219524,0.38263459701138175,0.35167949704981455,0.4707163982694784,0.3538883478994102,0.5086977944420525,0.3837883026236123,0.3312582270304921,0.33186535887825086,0.5260129936075167,0.4211228896723639,0.5464605396183229,0.31299742363236277,0.5398003156001064,0.5089129533580881,0.5456122230169365,0.47911359707081513,0.5343983575111197,0.3626846746374822,0.32515314382221744,0.4751634146712273,0.5380936629350875,0.5122019750926419,0.6017763933203066,0.44676821403135486,0.5887572154296232,0.5800497734648157,0.43623100904839385,0.4078938624309953,0.3925491533977969,0.40562879272378866,0.45173552998933764,0.3356352280505189,0.44703120878667535,0.2916128114497468,0.3701355556357309,0.34252753606517056,0.41465922545554723,0.40423025521385936,0.43402523096880974,0.5170094028932459,0.39135777055700915,0.4139802218121459,0.3907745603795058,0.5644912888925515,0.535999079846627,0.35605009867860776,0.4216353517174192,0.5752073974107943,0.5170376203931164,0.4484750447999728,0.4605969909520153,0.5781200503780153,0.5427461126878255,0.41178192452387663,0.4258092327317946,0.3179446434324012,0.4929983408458667,0.42312123771517735,0.5588438733069867,0.4297427999241792,0.46259930450702386
0.278529971412474,0.4783430322506547,0.2922333396724293,0.3668946695916268,0.3701947319044017,0.4128624007414299,0.3723600695581567,0.3324628924152377,0.3872272929088498,0.4129466090668597,0.3296045814557387,0.36617242378645404,0.29152628635136957,0.4040876761426649,0.3559171553438387,0.3643156703762018,0.3472616539065743,0.3347230052217659,0.31801722845231734,0.3752047067381388,0.3375703385664967,0.43104124256746373,0.34528873717926833,0.41812239788608546,0.361262231377282,0.301119796221767,0.29573064417269596,0.38757515179863733,0.38053647132093127,0.46028187572020896,0.2672801598046998,0.4299010230202826,0.4434967755182429,0.40077561120514443,0.375233648132281,0.38060458951134224,0.3455929261481663,0.316636889407412,0.38717216049386205,0.4128775527372852,0.40767052984613283,0.4771876026715329,0.3460623859985413,0.46235625242965095,0.4465131688673972,0.36370190481978354,0.32413496509033024,0.3128844434383608,0.3838259931806013,0.3370761932245616,0.341573014275916,0.3962199835772649,0.26562629456296544,0.3268161712349612,0.2964949655613653,0.36877855232604967,0.36385491773637896,0.351293503380907,0.3658540909270962,0.32916021427703723,0.366422697239636,0.34976928507461597,0.45202704060146975,0.4371582928188273,0.3663804717594778,0.393015092677273,0.4543908209881024,0.40870951821599344,0.3451816736859645,0.3579899965891098,0.45841638329457984,0.4378782699594224,0.3595762174979258,0.3676554608752334,0.31171824226486783,0.40970233765118536,0.3579504728366923,0.44202867050905076,0.3473351968798943,0.41217439050741234
0.3121382578695782,0.5128718092714181,0.3243944560892772,0.3995740345544926,0.40288426778532305,0.4423539773228551,0.40638817977108543,0.36216542093588683,0.4151589069508113,0.4466053359596572,0.3616018406009834,0.3948246317923375,0.3229913378883053,0.4345240460718323,0.39348823495051677,0.39264319196482245,0.37919058938283345,0.362263499014355,0.35289866003612064,0.4135826354897896,0.3739066501077677,0.46950537397771297,0.3823323248653631,0.4522626991174335,0.39798978881640124,0.33519282589293264,0.3291671266191424,0.4160396611756326,0.41700879545996355,0.4962649675948673,0.29852532629337386,0.4627565569058775,0.4804221004119362,0.429288645887932,0.40630900935376235,0.4082688559499862,0.3820555193709464,0.35247871819845933,0.42039750255626834,0.4429134287908054,0.44025271362105056,0.5100690455947745,0.3760520977703818,0.4942758360279283,0.477034666256673,0.39711372929071737,0.3552231193599153,0.3438533159694111,0.4215211547803509,0.3652297393429309,0.37955836929172654,0.4325519222414218,0.298428754199492,0.36101688851587466,0.3290965582761684,0.4044227051525821,0.3996990672087532,0.3835895622941058,0.39319453833168266,0.36195853812436407,0.4018590597741634,0.3850229606270824,0.48556850722999695,0.47135575885999886,0.4056871829614509,0.43067802641215586,0.4867760938045536,0.4407691007735394,0.3747501848277605,0.3883635768506136,0.4911593522673428,0.4716595899116563,0.39429854677100057,0.402227648742359,0.34750767831761303,0.4440802569657567,0.39165380911025127,0.4744297835175423,0.37950857892075124,0.4491305458109757
0.32575238442012117,0.5234268685480353,0.3389225725544851,0.41278564730376427,0.4160553121323538,0.4582332888369003,0.4183782657794278,0.37837022642070534,0.43298164939892575,0.4584700746823453,0.37596171562677944,0.41191024196885445,0.33821130990279835,0.4494661907494909,0.40263464367212665,0.4101085103573151,0.39333226454299014,0.38077921321106023,0.36498613994459606,0.4218336837757334,0.38430094293790923,0.4770380183156129,0.3920214652615774,0.4636063977220397,0.4078648887388605,0.3481338818035777,0.3426008669161959,0.4332262067749308,0.4267930967156233,0.5056600765637562,0.3141216362822939,0.47519631646382743,0.4890738575024018,0.4463509534298513,0.42084309704686385,0.426440343008786,0.3922808314691088,0.3635100958572735,0.43288606215429143,0.4582394568098362,0.453216990907185,0.5218893785897655,0.391857676920638,0.5072337145973979,0.49161486779341607,0.40983338966993105,0.3703546568830339,0.35922415658110407,0.43024967433277406,0.38306186345786475,0.3885546574164353,0.4423546045548602,0.3129123841116939,0.3734711253502198,0.34325572446908764,0.41510377267753984,0.41021455741606,0.3973381296784389,0.4118107987253633,0.37552037344946854,0.41278000532255993,0.3962166813472281,0.49718920725232923,0.482490512229558,0.41319652879136165,0.439414344978023,0.49928256422466444,0.454083598678605,0.39101560444250116,0.4036765791579541,0.5032525378916626,0.48326254147937275,0.40590852207786565,0.4137774714638814,0.3586813391641725,0.4554495055134761,0.4040729547765203,0.4870002496972204,0.3934087033185512,0.458173331286725
0.20063410164594314,0.38383553478941934,0.21214822056409083,0.27793235970583385,0.2811750837567222,0.3262934326212895,0.27963859936702123,0.24949477931823685,0.3043094668768767,0.3210771621315887,0.24357696180417127,0.28245536937033644,0.21245305094641267,0.3165465549395592,0.25657040980259255,0.2811723528408247,0.2605980137501862,0.25413049372239305,0.2283800436600569,0.2731544361098267,0.24221717239719387,0.32760118179075787,0.24789595700940967,0.3249670628530625,0.2630696409995467,0.21671361445425055,0.2133612801292563,0.30344868926692153,0.2822247156476716,0.3620480645486769,0.19492666659679456,0.33921647968315594,0.34318919758540994,0.3161439715646391,0.2885218802470565,0.2984732790513763,0.24890593956995818,0.2264644087636406,0.29663526627768394,0.32541797968114033,0.31820169091369127,0.38436829948721973,0.2617490784643128,0.3709645626274892,0.35723658060289387,0.2726392140837858,0.24035961488132876,0.2302669345818958,0.2824871869887336,0.25542063253678143,0.24429178587027361,0.29814752186736426,0.19303301635539583,0.2364561009888872,0.21485404963569749,0.2727260884818032,0.26751494884318644,0.26355489353249034,0.28474402708572116,0.24089914290946127,0.27099181634228575,0.25550904106353167,0.3597936802635989,0.3437064158539947,0.2639703586193266,0.2917773756386135,0.36298365314089603,0.31963832464407255,0.261265987791886,0.2726704799490615,0.3665426569187323,0.3455995330962639,0.2658170035573603,0.2737854009339998,0.22294261306340538,0.31602805069798084,0.266276704279602,0.3511654306840561,0.2600717325504066,0.3123364572416316
