,sample_001,sample_002,sample_003,sample_004,sample_005,sample_006,sample_007,sample_008,sample_009,sample_010,sample_011,sample_012,sample_013,sample_014,sample_015,sample_016,sample_017,sample_018,sample_019,sample_020,sample_021,sample_022,sample_023,sample_024,sample_025,sample_026,sample_027,sample_028,sample_029,sample_030,sample_031,sample_032,sample_033,sample_034,sample_035,sample_036,sample_037,sample_038,sample_039,sample_040,sample_041,sample_042,sample_043,sample_044,sample_045,sample_046,sample_047,sample_048,sample_049,sample_050,sample_051,sample_052,sample_053,sample_054,sample_055,sample_056,sample_057,sample_058,sample_059,sample_060,sample_061,sample_062,sample_063,sample_064,sample_065,sample_066,sample_067,sample_068,sample_069,sample_070,sample_071,sample_072,sample_073,sample_074,sample_075,sample_076,sample_077,sample_078,sample_079,sample_080
2023-02-01,0.15968788120458213,0.21726809746776155,0.17315376131749513,0.25860316935965266,0.2303246207210643,0.282122836270206,0.12614820350150668,0.28041227295911364,0.4113744305390886,0.24252646694921376,0.1953166660327122,0.2793420027088874,0.19498801470471117,0.2782510583881914,0.06691825779542733,0.3126697703830967,0.16969281142405712,0.36918158251021416,0.17413448041048996,0.05511504513653389,0.03188825509794273,0.08904325597889698,0.09108906266848635,0.21423025213479602,0.027771069228361447,0.12344699265082071,0.13897476370231046,0.31571609496913333,0.07376491475515577,0.11503090556327818,0.1698573877568517,0.24577723023714396,0.13316049966632207,0.40056118777601923,0.22220175802594905,0.42088093811014177,0.06401433271453182,0.12297146731602512,0.2647701195623901,0.3079511834962485,0.2794681408582278,0.2163310044825364,0.20453587315724914,0.17638954047017613,0.2371073871067604,0.19753258110459265,0.2381058295575125,0.25795169964670644,0.03544600612363009,0.276854926345841,0.014785020925629668,0.11907052109716534,0.12120896805567963,0.11643784703170078,0.13977549472805667,0.18570230451235237,0.1294442661769118,0.24830476852042396,0.39080965282393,0.18603636829048598,0.16464193718100523,0.1365137908392564,0.2643553797645091,0.12382619356402501,0.07726272439209528,0.10570773774643623,0.22736007538462338,0.17186330310810086,0.3195384917425173,0.3423864778881887,0.29057895598311084,0.1638953531199275,0.1910356047087713,0.13722128252630725,0.0841414717035364,0.11935735354616195,0.23011471500511133,0.15807638206462293,0.2961249893899324,0.15462408395562416
2023-02-02,0.08173497580953831,0.17217647408854117,0.09550366157619211,0.19264677833560612,0.17884388700532414,0.23663711634065251,0.08700773271823334,0.21837190019538266,0.3528224417707269,0.18437571085983862,0.13131060058068109,0.22999438263128302,0.1267810737937414,0.23047889357867024,0.013789130917158152,0.26214738087642214,0.12478658370008618,0.3029695045470799,0.09736416053755323,0.003477764363940134,0.0003551306292832049,0.043608744657495035,0.024663429890377023,0.16038361621409974,0.0,0.058320793144868745,0.0670164789496151,0.2628846052692674,0.036134359103331175,0.07663158055226524,0.09463262875564805,0.19334564868929724,0.09008759066219338,0.33879494126526666,0.17906223167429247,0.3592851191950623,0.0033761205900028966,0.04359686889265691,0.20209193031299316,0.2548625928290735,0.2190275695503404,0.1719045098925542,0.15446783313690968,0.13583342912939805,0.19168696981413866,0.14228328539907395,0.1702873106180106,0.19351123622135696,0.0006725490710520493,0.22010280394628642,0.0,0.07149534188011118,0.04477055520638358,0.07256616034209541,0.0718564236449889,0.13056625135476999,0.0719630693481121,0.17626281802009894,0.3342497448563755,0.11787432644121695,0.10998487717442301,0.08179695645122641,0.21551068131492174,0.08457871323835606,0.01374096848125177,0.04903599862321182,0.18847667707223528,0.1362970849380875,0.2533732049953477,0.27303422800911636,0.23362364653173404,0.1244404833368875,0.12745442268024879,0.08681978745813272,0.01656972842970927,0.08636187280242931,0.16551805849137388,0.12255323868929542,0.21978999102674998,0.10374881562041785
2023-02-03,0.1444935349142044,0.19577102289735102,0.1518986813703953,0.22340893411121399,0.20393809607394955,0.26040269975735897,0.10796797082726385,0.24757901383732345,0.3822922871356058,0.21365091964892255,0.16082202007091423,0.25545142165155493,0.1689527699748618,0.2552425039421921,0.05778145927696393,0.2879858392655841,0.14803203763989314,0.33447987546115465,0.16063887623457346,0.04065941917550998,0.008147905690465928,0.06721753683182152,0.07760037061944257,0.1878461024222586,0.008545576816621112,0.11403863823332831,0.12716825141761795,0.2898913351128061,0.05584177025073309,0.09736971449656259,0.15668808204265322,0.22017336412163638,0.11281115372782557,0.3697345570501234,0.20181442441242378,0.39014642629242036,0.046166812204906635,0.10359247242303646,0.2317233747838042,0.281984587245033,0.24916699991831578,0.19521112463999304,0.1801890296456579,0.15748215658378914,0.21542412345098247,0.16853669290408485,0.2014008415457083,0.22242733482776544,0.012152585403346553,0.2483439746400126,0.0,0.09530034099194583,0.10532168817165288,0.0997038792589048,0.11987620811082135,0.15960682200329954,0.09981773898218138,0.20933121751250716,0.362905817521572,0.14908341668848557,0.13593834217870912,0.11226673709413756,0.24074581311873033,0.10567381891146543,0.06303012280930655,0.07692597443857534,0.20941830422795843,0.15585362436494268,0.28433709885390135,0.30501207206759623,0.2624929006663049,0.14562308564925466,0.15717675495890798,0.11112020804179545,0.06863001902782195,0.10486112768494883,0.19469290712426635,0.14209190014406375,0.2533677413540606,0.12813637691055654
2023-02-04,0.24094692755310637,0.04509401094450752,0.22560727984945828,0.19639894726763102,0.16578261617530418,0.08978285094254981,0.10687193006412674,0.2097874488870423,0.18016251936317862,0.13161065413928827,0.17342617846305627,0.13128117178548715,0.23300662926863885,0.12661279173723522,0.15027680297698054,0.1551830983301192,0.12209209048090375,0.23111172595161553,0.23781768021381905,0.14014844857220166,0.11938175957601083,0.09760222045389026,0.17302456325409174,0.11197444873255917,0.10675026347409394,0.19153496141953202,0.20342638228336185,0.1174329633302738,0.10679895556602743,0.021665985332920773,0.22712827615794204,0.09465892177982481,0.08288875820375198,0.17545637535756897,0.12090750660623528,0.1815322851996341,0.14794207023449615,0.2093614563442799,0.18562350801417524,0.12987567697410862,0.14782836116871176,0.02093168951178675,0.11879656807248756,0.001141818653081631,0.03370932084277297,0.16558609398544083,0.2001806853398985,0.24028060870282988,0.10204301762403441,0.15612101614226145,0.09413392917106748,0.11962623433115634,0.20372969608166422,0.16998336784452753,0.19645736749124376,0.21335852820785312,0.16928196200310924,0.19870177921912408,0.16875736535126598,0.19595177643815995,0.1874494503718573,0.18237450861507984,0.0991099912808942,0.015310457519933554,0.16103090326526373,0.15568254250471728,0.05637095183406868,0.05568041079842112,0.23010557386457703,0.25074375154865863,0.09572185110075701,0.03827744108588697,0.20993496082780042,0.1353337806434164,0.16805869187902475,0.05753521376144123,0.21976188710737032,0.011056492600172215,0.2546571792444269,0.1447337150960372
2023-02-05,0.345008889165548,0.21190024637983892,0.3383669760839046,0.3510362397659899,0.3062108013825536,0.2743060527035931,0.20794633235203727,0.3619002526670616,0.39753188530820244,0.3023879762755546,0.3073743905953998,0.3055473814638411,0.346147428107874,0.30007841616065745,0.20908118098321046,0.3363835429348453,0.2473785609423052,0.41834018725517824,0.3399487482385921,0.2047238069337035,0.17432528918404103,0.1954900055391295,0.25858261581716935,0.2730133735069896,0.15625783155994866,0.27509779079832075,0.29669676459477534,0.31242778794942866,0.17680562845823833,0.14286144698589248,0.3280505183699502,0.2695590915803065,0.20066689088312847,0.39300396167270824,0.26862741142565394,0.40455777608834526,0.22955218403749045,0.31857062358359906,0.3461108815328917,0.3191993582621368,0.33019523246304094,0.1929233311757375,0.2688635787794194,0.14906763631438227,0.2121837540613406,0.2936936721809113,0.34400078749333335,0.3678621406128193,0.16430478350497954,0.3297761716557578,0.1402882356025393,0.22455731431110013,0.30569035030221575,0.24068177187592654,0.2962550047808312,0.316006186195126,0.27118411228856826,0.35464302287147514,0.38026439614409474,0.3206102733914836,0.28827892708881675,0.2775083427305981,0.27660198654430257,0.1430602892402653,0.24029652114447791,0.2513666182228096,0.22018796076286856,0.19069260142054328,0.394509591213745,0.4183533319386745,0.2901753730447285,0.1786789484554074,0.32793184126407365,0.24421501717947977,0.25622628734033226,0.16366651824374942,0.3451193328570205,0.15374441334213124,0.4058502858756273,0.2576824549263577
2023-02-06,0.1922607516004325,0.31710772007954385,0.2116966806250804,0.32579485074280573,0.29628242388408754,0.39743710268680127,0.16365903538051518,0.3496144792716268,0.5444936266823558,0.3297541975459679,0.2438521834012747,0.3803521603528069,0.2343767170856586,0.38039151518192704,0.06829118723342412,0.41890470772560157,0.22415462728319896,0.46681364444210527,0.20779692824653676,0.059467875407212885,0.027858404712147518,0.11645256731994014,0.10830806274550003,0.29449416121936645,0.020819193117645237,0.14466443945808943,0.16691472017661854,0.4344086210383966,0.08246457219425668,0.18060224833351315,0.20319680688241315,0.3426913442171796,0.18405714519408653,0.530656208844706,0.30154897664405067,0.5558937881808258,0.07817934617335363,0.15344225443343829,0.33957381698502925,0.4201274583199797,0.3756647256531578,0.3238212504385633,0.27797514800010403,0.27928740633769616,0.3489177509136174,0.24842603968818094,0.29398168776107264,0.3024496075925767,0.03136889353004305,0.368729986794077,0.00276648369873501,0.15061580885824025,0.1509942963642425,0.12934209321537343,0.17067083325943397,0.21941910038226464,0.15536242625325863,0.3112092007466915,0.5208625972843013,0.22437964864178017,0.19359621708743685,0.16312073284240994,0.36846703621168125,0.195791939957655,0.08722296698683897,0.12641674790949564,0.3307585298756382,0.2500830197800895,0.3968796818272133,0.4196097997916537,0.4046813918075567,0.24410077478990974,0.2297307835980528,0.1705133076340914,0.0988623430790964,0.171483327489547,0.2721495153327153,0.24812154384672974,0.35175330251446174,0.19199857532848905
2023-02-07,0.15046246366699925,0.20150543459012044,0.16225274384008787,0.23761769915235303,0.21275510070984646,0.26621389198882606,0.11157710441227216,0.2605336469244619,0.3918477625443497,0.22306935603415928,0.17468670465407166,0.2623800381368243,0.18389068228161579,0.26169749488950295,0.06183320315013199,0.29521450103468644,0.15359180033724892,0.34819508493136353,0.16407619137308643,0.049366524961999454,0.02734636674113711,0.07282086464301368,0.08444105283167781,0.19611607656921676,0.02226740284592891,0.11459326608262685,0.12940440915048274,0.2979034067332266,0.05977091176575778,0.10095895922027195,0.1599303453441257,0.22806600332955337,0.11780177371062463,0.3801961535942066,0.20680497513598564,0.4005620784432406,0.05672622144972635,0.11568338306095849,0.24440364221432465,0.29005071437183944,0.2593570384033601,0.20078088288545445,0.18727708421967806,0.16185883909158721,0.22129047737046836,0.17906017657213527,0.21678378575402588,0.23885165773051392,0.0236014714022051,0.257764090963759,0.012663314684777311,0.10216025311143359,0.11325677464605731,0.10786173437981349,0.12967187626200438,0.17439985293793278,0.11626399062731353,0.22578752219525688,0.3719545856045294,0.16777325456122463,0.15042279644150972,0.12623009519340112,0.24756311291550187,0.10955534388242301,0.07173458534268527,0.09285597118427792,0.21317132509050843,0.15848923757441788,0.2987006298100744,0.3208656261502669,0.271727996473112,0.14955694288882454,0.1761989787430788,0.11967478002145131,0.07861105309899864,0.10659836515577249,0.21086205477597952,0.1447909231505791,0.2729398112648281,0.13706444557846478
2023-02-08,0.1389026500371197,0.19534120411769035,0.14981661902255994,0.2299918048265605,0.2061889007896911,0.26005334769576216,0.1062251650929634,0.2533524035899404,0.3843565566814783,0.21564050833195383,0.1674373648951513,0.2558716008249523,0.17222610105242753,0.25535301892194084,0.053046080583552126,0.28856937561419294,0.14746268252786737,0.3401822604500042,0.15204667678934958,0.04024451381431751,0.02029300372775679,0.06680323866005076,0.07428593406834806,0.18911863911942045,0.01619483392713285,0.10409678312615588,0.11799800719184618,0.29097570991843874,0.05442648205723674,0.09551321812852341,0.1480684188141498,0.22118293383070528,0.11196249331048119,0.3723448790913789,0.20097969032181504,0.39272836635491554,0.0461181489515629,0.10381695799035635,0.23679851320478834,0.2831168175438605,0.25147802230859784,0.19464457417466804,0.18072406737236077,0.1560978669252193,0.21506160169561148,0.1724419821770338,0.20930569645587516,0.23187656863181488,0.01880673653613237,0.25022133556781484,0.0070020529911629485,0.09586720948971966,0.10165958095987054,0.09929243668490895,0.11836028663822785,0.1641395710921082,0.1065052925995734,0.21767001600336286,0.3646565124672681,0.15843415885532872,0.1413397214082657,0.1160495678527036,0.2410678569174063,0.10400438889143776,0.06116488837469612,0.0833021474195762,0.2076687575652716,0.1533589328418633,0.29113334179653005,0.313088591553577,0.2643275038458897,0.1439990609030423,0.1655037572083437,0.11333762890748157,0.0674942403805412,0.10176929081989937,0.20387274223280052,0.13958753267635812,0.2650252035391302,0.1307828254181335
2023-02-09,0.18888631076278775,0.23579720418686623,0.20261561641657538,0.2735515504665033,0.24690777106604492,0.3006591282402222,0.14439150631579656,0.29543875951367565,0.4300576430359389,0.2611927517277486,0.20951632113407267,0.2979635576255417,0.2227591217547657,0.29683446599372115,0.09145506066171775,0.3310916869563698,0.1877988884628097,0.38528964284391876,0.20384593554766098,0.08116531282820896,0.04959366867565323,0.1072657091886145,0.11779984184569516,0.23298626411929185,0.046801007809715287,0.1522267771654281,0.16830335801145407,0.3344383899272071,0.09064627916089428,0.13348591022792797,0.1994658660792476,0.26448680815605624,0.15165830273609496,0.41938238098251013,0.24070050494970877,0.43969433217442966,0.09197556562076457,0.14876520186732234,0.28078607395017685,0.3266818656584858,0.2980556299258361,0.23484875232312136,0.22304710005879352,0.19485866150964562,0.2556423090891017,0.21297032361548496,0.25188239745216967,0.2729151531136567,0.04958398328371071,0.2950282599814141,0.023612451041245448,0.13610385523768256,0.15008346324156496,0.14245185841562247,0.16854971118394493,0.2105581665371049,0.15214202694840234,0.2622766363738513,0.4095869817950059,0.20326303089712403,0.1849180652332529,0.16284485404034899,0.2829641517067998,0.14228570930283727,0.09440502304696331,0.1285261952233706,0.24581733433041802,0.19031338809650328,0.3343652761095257,0.35657390734842187,0.30944947366531744,0.182356151369495,0.21333674933604121,0.15320801532269235,0.1023760825575915,0.13781715155826124,0.24488387090649794,0.17652641140867206,0.30797738074470865,0.1703630020957744
2023-02-10,0.14567153858147602,0.2205631918270584,0.16116624132631469,0.2591795689052001,0.23421546716936253,0.285273564723843,0.13236511821468433,0.28224105012998857,0.41030222875718886,0.24197128384567657,0.1966342543234397,0.28123023568833677,0.18972658090534206,0.28055887841192534,0.06052821479517118,0.31470518731879993,0.17427534398967234,0.36911907510151437,0.16174659505022787,0.0477156300413985,0.03204112283925413,0.09342187279343023,0.07950320535747979,0.2144503298102823,0.038805623565270585,0.11527351589290213,0.1283285197587612,0.31612776215360383,0.08150169771750299,0.12073960270165117,0.1581160626982416,0.2463403172394621,0.13719157778136232,0.39832814632945174,0.22647947201341867,0.41868383853327595,0.053528260569639045,0.10682038724849288,0.2656028266713493,0.30826539653334106,0.27842950159609564,0.21986922408660542,0.20660601446078286,0.1813283134742149,0.24028195589050227,0.20094593337685884,0.2386846182230431,0.26024618639534464,0.044948593004765156,0.2775765467536393,0.023518028221493858,0.12371137322835773,0.10675470696547731,0.12056473413375147,0.13147699851784622,0.188327287114608,0.13280470288602264,0.24740607341013826,0.3902144174127583,0.18707154537875792,0.1691103422023321,0.1384004479724723,0.2662647279008647,0.1292330657118375,0.06822862215615703,0.1092364462080865,0.23289656105684448,0.17857149357160612,0.32028175593421726,0.34245035204914986,0.2894137490752005,0.1692282201772393,0.19296135937435188,0.1415856849807059,0.07356033218316874,0.12696127005637015,0.2323674477715484,0.1647995988770123,0.2949771920956026,0.1590398100608834
2023-02-11,0.2040845049648833,0.01882211219680055,0.1870176030281711,0.15101589441345553,0.13254124734475625,0.0633944866609075,0.08244526458706361,0.16332351661536093,0.1321212208552266,0.09856693175003639,0.1349408685154438,0.10017227189686034,0.1893705715703641,0.09656125698140242,0.12853607786048835,0.11969113849348696,0.09604400453013016,0.174892182748995,0.20261268940304167,0.11709937160825463,0.09348844213010048,0.07130638506866933,0.147704278003468,0.08317643469585399,0.08059009556260911,0.16741318391660226,0.17509536506084794,0.08466567481810391,0.08304250327996095,0.0007250576425307366,0.19421099598049807,0.06626284452602578,0.057217528373636146,0.12743638451822012,0.0952110443533961,0.13162461132961575,0.12232636874013424,0.17498991782295228,0.14292743932322213,0.09625700057941707,0.1110675602072422,0.0019836379928834433,0.09110080572849466,0.0,0.008621238677745625,0.1318389229925609,0.15476374293501768,0.1895359326222405,0.07603729756699384,0.12002469897936713,0.07509580710046675,0.09274234351309156,0.1722981829042917,0.1414999846845641,0.1644878151283714,0.173682833350685,0.13289839395045486,0.15060904981606543,0.12411519696230891,0.1518366921658586,0.15079972993462118,0.14804122410714454,0.07154570052069856,0.0,0.1359433138525641,0.120070297248843,0.031969942452219395,0.03230778109643165,0.17658015696847384,0.192348098435483,0.06436660078495285,0.014110243881585128,0.16462536138587586,0.10681128104740656,0.14169951705226339,0.03497357606382815,0.17322977983029475,0.0,0.19436615662805107,0.11551747520638378
2023-02-12,0.23163100835311978,0.11513002019754064,0.2196112325446394,0.23440712132151867,0.20255804871374838,0.17261104870887717,0.12014671506652987,0.2532481358749354,0.28654579757641757,0.18211114621650148,0.1913837017582226,0.19924035975445314,0.2307654129405276,0.19592219320849827,0.12085822267741266,0.23108457315536485,0.1489729325885371,0.30667670183238577,0.22987578392767874,0.11189269053830933,0.08872700477629096,0.10072345480085385,0.15209142808183895,0.15836743991843494,0.07766885205646432,0.17363024760410348,0.18869284895916252,0.20090431586705235,0.0964639174774762,0.062117759242280336,0.21855939443333977,0.15733707329006877,0.10784522874706598,0.2759361764756011,0.17079478037132043,0.2889921418177488,0.1244763869080106,0.19649619760175355,0.23013477188910084,0.20773370824998294,0.20868194546058408,0.09753807038856847,0.1604857967385057,0.057226713906254445,0.11470087600808285,0.18673224853392434,0.2270611610050169,0.2603367627316889,0.08005326027251757,0.21520805597381315,0.06633588679435885,0.12599693376556267,0.18894704539445056,0.15005662905138678,0.18330791322554804,0.21006207045930675,0.1600591959867914,0.23142544754264072,0.2700899745812537,0.20149187440353228,0.18288737556507265,0.17029722363619246,0.16972611869755622,0.059172445051474634,0.13730966125885202,0.14230332643538135,0.13151460489640812,0.10903324073844867,0.28484968236031855,0.30756475379290626,0.17084367632200637,0.09340079976874932,0.21210467030385752,0.1428011626656342,0.1470070586247457,0.08847599758504499,0.23415161242652655,0.071876790928267,0.28876194486125173,0.15574320022536667
2023-02-13,0.23720713920203776,0.33730481043602073,0.2580781260871222,0.35283921263653,0.31825455016825077,0.41795367058805605,0.18135663552771675,0.3750344036524018,0.5718241397717948,0.3559682487671287,0.2709675537377363,0.4029597487748233,0.27823788124199117,0.40234280225379687,0.10072632513856598,0.4423623369944144,0.24413472476749,0.495336577552946,0.2509967923407237,0.09404966578690369,0.059467568849363536,0.13646272620933375,0.14748698589308143,0.318573006583504,0.04926790635914764,0.18134959307393284,0.20726763807080065,0.45848216577618844,0.09880371551790747,0.19685178622911725,0.2451890051308965,0.3661577073934431,0.20336768898326657,0.5592273054543557,0.32108818543440876,0.5846921169682918,0.11764537700033563,0.20071004131719794,0.36627917352282974,0.4443102768442418,0.4026929403682854,0.3435034330038323,0.30037322486291207,0.29653283890816395,0.36924883185407753,0.27103350927076053,0.3225559033766183,0.33662364003268513,0.05899835587729099,0.39397715042586623,0.02778876761798789,0.17109958830322117,0.19526866747356927,0.160407449643733,0.21287759790771985,0.2558849982082758,0.19251991756346173,0.3404222135431051,0.5472672304873653,0.26265418008712,0.22723806572270194,0.20035655364405028,0.390399982040345,0.21227895399643287,0.12411030957418863,0.1638495730684571,0.3485129373867094,0.2662991391509453,0.4237918236803798,0.44790578629291433,0.43037492557540746,0.2616768355478669,0.26912557171683765,0.1914009392751893,0.1387028972275709,0.18638680138369187,0.30644314741472145,0.26369644392384245,0.3871636022022061,0.21282657603577296
2023-02-14,0.18174284524274498,0.23669104105900896,0.19678585065505066,0.2920903775901898,0.25865521098058786,0.301559295235168,0.14946896322806233,0.31220045470283564,0.43774467942189765,0.27080590453791087,0.22657003795794703,0.3028042312701225,0.21947384046816404,0.3006568856922387,0.08541878172516035,0.3376488102681506,0.1950868851689808,0.4018617183218924,0.19569137653106153,0.07527583886414559,0.05264503966987739,0.11617605663176456,0.11195882043887964,0.23963037609732718,0.05345568602505411,0.14284648941569666,0.159645621274812,0.3374756580974337,0.09904258059054734,0.13337005080535794,0.19113967659669476,0.2672731283114917,0.15399941656577207,0.42795520620891936,0.2447354444573211,0.44806319400420996,0.08629559106387624,0.14754263178332816,0.29713918644522475,0.33122936080849436,0.30872048282513015,0.23569595797432175,0.23003870844684524,0.19517703507591108,0.25660947729535954,0.2275267985298804,0.27045560596840235,0.284100907525339,0.06237323207757402,0.3056305741651871,0.03935214304065176,0.14703095625942464,0.14389128778501478,0.13532896519843926,0.16179973625971394,0.20878281279754196,0.15260555600281517,0.2835455687105655,0.41623427382786377,0.21194862093804992,0.18677020691573598,0.15878846637418767,0.2850325092501654,0.14232557504845153,0.09929868784241308,0.1288758550532571,0.24578189670490524,0.18968061028803113,0.35256248395527023,0.37643459230832743,0.31226642446550695,0.18240971973060416,0.21616830993612843,0.16606482319044813,0.10733153097452375,0.13666943528975248,0.25616282667216317,0.1759658641235298,0.3267179637536231,0.18340113984064088
2023-02-15,0.15106618412875003,0.20829298292790502,0.16405102944332065,0.24664276151435963,0.2204095007119986,0.27309447986013224,0.11787744439487677,0.26899635462611016,0.4005671850988696,0.23176506879473896,0.18328411557827176,0.2697488542119493,0.18633241802662798,0.2688764411109779,0.061293543818578544,0.30291392785989596,0.16067074704394527,0.35755105084094724,0.16586915686202608,0.04915264677454084,0.025665146796908216,0.07969259820053244,0.08425280482344714,0.20403274274520125,0.021980591945982505,0.11625691731142118,0.13114496583622579,0.30568486695346897,0.06531666912825024,0.10696750019798833,0.1617132134023668,0.2358022371751953,0.12443100849344342,0.389339862334709,0.21343995609020414,0.4096822829628166,0.05699853265834889,0.11504203852509659,0.2533604521729235,0.2978689685488412,0.2684333165116276,0.2074458527404716,0.19481595019569362,0.16803065693053526,0.2280878840994914,0.18688404243949577,0.2256238101265718,0.24687589707333124,0.024765131752938367,0.2663438867499199,0.01050410350170624,0.10950190855551659,0.11337614620211715,0.11027204063839449,0.13145507746527657,0.17814552134717374,0.1223847325846415,0.23534258763783866,0.38024040542298815,0.17557098881022645,0.15693568920910045,0.12940731039077016,0.2548625449735787,0.1156463907694781,0.07042185806576828,0.09868312913763612,0.21923005660986525,0.1641905593281824,0.3076283696983884,0.3300009080286246,0.2800112008111404,0.15568703512410137,0.1830336132160277,0.12711314708401894,0.07714121343853442,0.11204201456186152,0.21890372323059354,0.1504097289713593,0.2821651563965351,0.14447395579306638
2023-02-16,0.12558206409751255,0.20498725620584962,0.14324601560015277,0.23458520751805412,0.21378589201285567,0.26965299630916134,0.11662525529081802,0.2585137926446356,0.39255916963363885,0.22388577947585003,0.17187868155140945,0.2650269293012916,0.17249706108186608,0.2646871433395785,0.04487162002301177,0.29762565546828934,0.1571653115999922,0.3455564261081036,0.14218181540985347,0.033164310649301115,0.013227961987721495,0.07643065665162624,0.06145888375835789,0.1977819391917309,0.01587400255927258,0.09794112597439737,0.10968711024789644,0.2997476364472399,0.0640631625861355,0.10598245677159851,0.13862152215370102,0.22999804520556086,0.12185035101238786,0.38023280300906037,0.21085947404650854,0.400632637196798,0.03849750369626071,0.08473696227016543,0.24248435452513215,0.2918611058884121,0.2595347674396071,0.20436950897722608,0.18981136810675034,0.1662946602069846,0.2246687737631337,0.17878611231957806,0.21289518075334515,0.23471088693095477,0.020628230297014494,0.2583940827292965,0.0,0.10452956155678088,0.0865997142665355,0.10654798563836503,0.11590076894011228,0.1701851178210733,0.11168657161930638,0.22100506743013093,0.37304311543275215,0.1614664671029563,0.1474967852371586,0.12160196991893342,0.2502798812946347,0.114365733565052,0.047586891960759554,0.08846191835195771,0.2180763171250007,0.16419604671714455,0.295646713964391,0.316733040241338,0.27266658588921705,0.1543342348294448,0.16998616812049422,0.12077275782992695,0.05203811822842271,0.11295035717409699,0.20673722932609062,0.15043013273755612,0.26624208918718284,0.13792183871063257
2023-02-17,0.11547787127686042,0.17008029846295428,0.12262635649753204,0.19310657250123903,0.17725871122573345,0.2346079303910441,0.08395535770640249,0.2176256041855548,0.353327530739238,0.18478565574304567,0.1312453684924095,0.2286569269313602,0.14044696423829242,0.22885151927230016,0.03942865620145614,0.260976330270239,0.12256253325317142,0.3038432240791592,0.13197209657638337,0.027161143693163803,0.008899704349232696,0.041521618472853794,0.054896407999931826,0.15993221552817147,0.0018440730689940521,0.08842898702489951,0.09982380290169905,0.26222577853009377,0.032690164592189305,0.07350147719243924,0.12848045453012472,0.19260630926813627,0.08765896638023474,0.3400391516590374,0.17664430126859734,0.3604891136757864,0.030578384034933348,0.07572959942142621,0.20238764668398238,0.2542558948763433,0.2198678902059611,0.16969681528468514,0.1532443857991316,0.13301509245851778,0.1896466100774735,0.14098389969107836,0.17020170718219854,0.1903321617482798,0.00045133994664607976,0.22002259958795645,0.0,0.06949775671400027,0.07749056737043236,0.07859075049219513,0.09419700121643744,0.13332652670107045,0.07617301031356413,0.17763498896574922,0.3343585260922638,0.12009506176662994,0.1100309771663369,0.08884985847110893,0.21407950510635373,0.08156877696034358,0.04320009535772404,0.054450176950375455,0.18541474796845106,0.13278861780455797,0.25301939624604486,0.2721165569087729,0.23383420676674543,0.12146040712241443,0.12972420312045474,0.08499140543454511,0.04733642715775302,0.08254099379517382,0.16374246021694092,0.11903928009816984,0.21740058065577303,0.10188569616021793
2023-02-18,0.28603221668934176,0.0907081488461915,0.2732985798548934,0.24970297391669752,0.21261600614267065,0.13566682269888816,0.1487197902672257,0.25955588299222426,0.22769918688412008,0.18366342597298632,0.2286401027968281,0.1763467029566562,0.27963687250881114,0.1710710135665556,0.18959791697672612,0.1998446180606403,0.16827058890260854,0.2823630454370276,0.2816904399198231,0.18202055309336732,0.15868937728859162,0.14371746834983637,0.21964611269934894,0.16364556857120946,0.14510214534240437,0.23524997561556654,0.24809085483351503,0.16410618293844959,0.1486006652395543,0.06138746338766705,0.27117238136563443,0.14531455782334232,0.12712283221102372,0.22483854462085318,0.16536216894857203,0.23084136223850618,0.19499124249364547,0.2589624793778158,0.23750654816429684,0.1760790391252253,0.19934747052584217,0.0658669281097938,0.16811684189132103,0.03409790851368309,0.07954846675345618,0.2164017848005164,0.25479397722082464,0.289748245512246,0.145588105689269,0.2053920074468872,0.1306011893173494,0.16826107047713681,0.2517881509861773,0.21036879968868977,0.24362092975909835,0.25760817409795084,0.2204854730828382,0.25551026680166194,0.21484413584514567,0.2498761321547075,0.23570861899434295,0.22979150772183773,0.1471028959829751,0.055339163032963955,0.2067067492421969,0.20633895115390324,0.09774860755153403,0.09480431248719835,0.28176408411995185,0.30372314473344164,0.14780723532173295,0.0800441075487062,0.2599520166581721,0.18587384659249437,0.21628209309871757,0.09491708513733264,0.2708095627129408,0.04912047685293529,0.3117544526053352,0.19528259181954738
2023-02-19,0.25233603979802177,0.1365086764877736,0.2429602999539503,0.2547659229584247,0.22665689694080196,0.19714232848550994,0.14027048160477779,0.2688843482761111,0.2936918678016767,0.2099026089690576,0.21786166261008913,0.22407157343849665,0.25180030553390137,0.22068821516645226,0.1408997745356395,0.25128018943043073,0.17208098870151659,0.30873400461551415,0.250589137863793,0.13222483963142562,0.10615418749006089,0.1206188268722136,0.17665943075155424,0.18494036852207038,0.0939225869467279,0.19794800082404454,0.21426878266540508,0.22631932330055501,0.11377718518625653,0.08040191044061032,0.24117895913411724,0.18341029747452686,0.1281536755238262,0.28637334351674043,0.19453317368700004,0.2957747712816657,0.14752634990135846,0.2234153133710878,0.2513959571757303,0.2325811805787827,0.2342706971331202,0.11914191341913334,0.1859629882474873,0.08660525945823314,0.13637740955715233,0.21233597929312517,0.24896671061136605,0.27422524106187857,0.09695121097729946,0.23905694361942975,0.08221154980039497,0.14813681199625986,0.2156644393002774,0.1715937754458242,0.20990289625260466,0.2337854455639299,0.18582324866675726,0.2528851880142838,0.2816863045068772,0.22769775671165432,0.20849201295747288,0.19567500451876615,0.19521909900175594,0.07978405668527447,0.16065517210874358,0.1669292801142158,0.15225551498316478,0.12760206068040605,0.292195525715509,0.3093741890920968,0.19895820354530414,0.11143043181124943,0.2364383096151155,0.16617924522981717,0.1718658354648992,0.10463714116071961,0.2541404750654775,0.09318480807111673,0.29551425357733835,0.1796682823396385
2023-02-20,0.003651059949657025,0.16314104502718346,0.0018728861117709964,0.1325142614665213,0.1261313472915497,0.2345215980174949,0.023213040795857797,0.16456688964761743,0.35019927231519005,0.13873542712802583,0.0573935468561116,0.20696441313835856,0.03062595497101943,0.21061164630586884,0.0,0.24270374213376586,0.06754758026569631,0.2696675631168994,0.005894707854636801,0.0,0.0,0.0,0.0,0.11491675088394478,0.0,0.0,0.0,0.25326413934989456,0.0,0.04575624188702112,0.0016456775328267889,0.16644396114164137,0.035943751995126214,0.3290775770587883,0.14429068146953944,0.35480569443591287,0.0,0.0,0.1480442304676972,0.2380736005601703,0.1789315273527536,0.17313680467863804,0.10685265105729447,0.13907777354788042,0.19425973771968502,0.07560087585967691,0.10144897811209641,0.11765853830174339,0.0,0.18088430272114858,0.0,0.000672389589558126,0.0,0.0,0.0,0.03917147670702104,0.0,0.10897847335008483,0.3305876204735251,0.031481229560052476,0.022152724343904945,0.0,0.19835047115416893,0.0589299771373532,0.0,0.0,0.1882683275834718,0.11721587342155265,0.2043580485928923,0.2238126677195216,0.2162225353658224,0.10448651531589083,0.03764009654704166,0.011001256335818992,0.0,0.046244077912436135,0.08714051961778663,0.11785731740538218,0.14820140349657462,0.03035069884658502
2023-02-21,0.06981427298506535,0.13481454443356614,0.06524214645581652,0.1536902929994155,0.14107002769127563,0.1992410203283645,0.05005556645390243,0.1794612944500269,0.31391356446913826,0.1454163426513071,0.0926040536034838,0.19205855130034113,0.08792575930943149,0.19274636514318808,0.0,0.22412237262868376,0.08742440635473443,0.2638793720269689,0.07983514963417983,0.0,0.0,0.0007600149891231509,0.0,0.12186175339628622,0.0,0.025480772528104968,0.036251022886489515,0.22456379079270145,0.0,0.04010178695022022,0.07590605301910625,0.15503092450011857,0.052652892749905346,0.29953586928540715,0.14189383033350536,0.3200548022648878,0.0,0.016995085064417107,0.1632315554088803,0.21649502794310171,0.1798870396914881,0.13465589479475842,0.11640279145118883,0.09911654646873673,0.1543111129287528,0.10430113540314835,0.13088032128241442,0.15096332887826308,0.0,0.18142153104023676,0.0,0.03233756627396935,0.017807667068917316,0.0257354074646541,0.030220082724193617,0.08844210791701086,0.025404448108965128,0.1368290374043247,0.2955291000426658,0.07687927710684961,0.06908893896047381,0.03691994051552393,0.17765104234668366,0.04779772239762228,0.0,0.001198957512632566,0.15198730669446453,0.10024202131214312,0.21380782141078283,0.23234327554762804,0.19481879817011138,0.08781789732208548,0.08450003374761118,0.04879503498498041,0.0,0.05044905851304979,0.12374497741060757,0.08654358644824688,0.1767745851671607,0.06600310657004625
2023-02-22,0.18050734651910602,0.2028683237166203,0.19515393742689963,0.23923041104904497,0.21252755790735822,0.2676851869951489,0.1121803772651217,0.26004984457716634,0.3956478165168747,0.22680108681932593,0.1800029494445453,0.2645546555941997,0.2123176204103965,0.2636014254925295,0.06293596763629761,0.29749117907215666,0.15473801129374062,0.3489382790781613,0.19553525652079193,0.045422214827020024,0.017136931919638408,0.07141513472951912,0.1033479801251123,0.19908657777142608,0.006842251528768157,0.14189352296572472,0.15918677115690305,0.3006481506431114,0.05286128763581543,0.10123430362380707,0.1909579001453659,0.23073974140677225,0.11896162372898889,0.3846308761636217,0.20799677472704728,0.4049608888328307,0.05806905111641353,0.14263965371493278,0.24492126900046177,0.29286383392310145,0.26321980763435315,0.20199635594797077,0.18957249502546117,0.16245860334319373,0.22267587903169456,0.18050850789235132,0.22155770299180225,0.24967483841229338,0.008139256417132392,0.26039127813985113,0.0,0.1040942260566671,0.14111354941999396,0.12684382251678197,0.1595837730879101,0.19367779288337386,0.13364117149726037,0.23055373333749982,0.375407661938635,0.18280304285484075,0.16449573575784815,0.14784419608671118,0.24961119848766475,0.11003904349676354,0.07738144151708307,0.1085914340195813,0.21361683900013312,0.15851601554694303,0.2978258713764408,0.32088581685606354,0.2752206700514686,0.15008703902658962,0.1941586098988257,0.12261863341236133,0.08860505442809981,0.10633849752836125,0.22192933799445003,0.14473445920251976,0.2826894216481628,0.139432905052831
2023-02-23,0.2509619977810048,0.29883987561624303,0.2682724961245835,0.3696613809743635,0.3295176387555503,0.3654547610363325,0.21300014437844458,0.3880094984152701,0.5141136438964223,0.34855156579088664,0.2997891677537795,0.3725889074478377,0.2894997236661804,0.3690820693580319,0.14009736098816378,0.4086384422341027,0.26269352621948167,0.4820146233604526,0.2638754736944969,0.1327118306922855,0.09970213769041553,0.18445236766392814,0.17473895542082016,0.3136782928050722,0.09748448101237944,0.20541312735563977,0.22550272852385186,0.40837062393338064,0.15695694115885475,0.1915263390435713,0.25873418350399047,0.33824072439279745,0.2194877342039258,0.5070798456883611,0.3104663168414265,0.5267827274352538,0.14935224537300837,0.21497809119132041,0.3757609668337177,0.40341375893757625,0.38794111944680454,0.2974043347298778,0.30145312221988635,0.2545360150015593,0.31892486305518586,0.2976561250110725,0.3454280200652274,0.3550919760330745,0.11153274865906405,0.38171504026070424,0.06190935161203406,0.21483999831836284,0.21255500550710105,0.19371159607568417,0.22949398173790603,0.27455477816302776,0.22098559758048986,0.3619224962192197,0.491121844177421,0.285461590864028,0.2531742330609061,0.22396208543465618,0.3528570983385235,0.2009728917856345,0.14893295704271794,0.19638743018911547,0.30422735571418263,0.24627273545302192,0.43155716278706385,0.45570013172437895,0.38556520840084507,0.24120082909095603,0.28787644292664455,0.23292346543392461,0.1603145692934757,0.19231618734949438,0.3272490173372035,0.23234726189212404,0.40391755909705135,0.25029094424618475
2023-02-24,0.21339591395575794,0.2303670829036159,0.22837296485420824,0.27223924999644017,0.24184325847781518,0.29517589764447616,0.13934547309966572,0.29274261072020635,0.42363486010399565,0.25479063275850455,0.21432689869049049,0.2921360275960181,0.2465340703256959,0.29112979793218147,0.11034474861337205,0.32526440282915603,0.18237809178016182,0.37968447643871606,0.2272730479484064,0.10131146362114614,0.07385366588236042,0.10317887182734507,0.14020262963661256,0.2268170161757502,0.06675807750679519,0.1725346415994715,0.19043925350020022,0.32838313799113383,0.09177126387527018,0.12852075672538985,0.22254568412406134,0.25846348588153584,0.1462989467199104,0.4127100206849493,0.23531269664648152,0.43303655349558234,0.11450659409900642,0.17679177176221145,0.2753219223868664,0.3205869594127267,0.29150202129647573,0.2294658289892735,0.21715828050256147,0.18974605238874265,0.25018878358546626,0.2123403465949137,0.2562256868366163,0.2851931650701293,0.06675038005913872,0.2889023958280861,0.051928965759087765,0.13429117010447067,0.17478660984335564,0.15938331791545893,0.19218438916686068,0.22888394075158966,0.17024026004764722,0.26464513407379225,0.4032177997547666,0.2196944050499519,0.19969704332405044,0.18286531828566266,0.2772123954308462,0.13726283403940728,0.1224930597859557,0.14736203969311007,0.24081928964267782,0.18553585080998164,0.33080759943491783,0.3547069081838992,0.30309210316828616,0.17731911168982983,0.2311409359059286,0.1537053588025437,0.13144616624520444,0.1331959525610225,0.2574701129257956,0.17175444873016388,0.31942844409815546,0.17060585001511008
2023-02-25,0.36216392569685707,0.14648763607253656,0.3521842145567343,0.3458950666368118,0.29480063028451453,0.19733422418824456,0.2125954673991548,0.35286888078423007,0.3199528302164655,0.2719354250845311,0.3126839942885483,0.2523194603207803,0.3581159107547094,0.24384267163517015,0.2402976396691629,0.28169091084938896,0.2381095621198655,0.3858228921073584,0.3551630819361177,0.2360411595270442,0.21189193485314864,0.21482787475490187,0.2801291658594431,0.2418263352933942,0.19597351302261082,0.2941088941047062,0.3138165553190897,0.2401678170539887,0.20667811634831618,0.11250250090233471,0.342979632087833,0.21526718383068563,0.18949039758081565,0.3211633031712976,0.23214943065148594,0.32695727259778457,0.2552924052005431,0.3371599769935141,0.33528087190193295,0.2562241640330359,0.29416142427567826,0.12096171138199306,0.24358561613501678,0.08665425771912909,0.13528519017064422,0.29594707497944206,0.3457331981010607,0.3720602246906298,0.20144510797220455,0.29626890368112596,0.18436768126806108,0.23908876985564786,0.32407147959166804,0.2619563563657515,0.31229724431689904,0.3278571969741996,0.2868454864960651,0.35441924794276003,0.3037919479521402,0.330878662658335,0.3016113829855849,0.29350535371126135,0.21421668899672258,0.10702334377400967,0.2659479172622252,0.26957994437891303,0.14938577968600328,0.14459433447677195,0.3812308520415136,0.40523850019828217,0.2225432666133239,0.13186814571208685,0.33869043526332326,0.25616590270659767,0.27894737095630645,0.1439005975638367,0.351645623544768,0.09828284153383299,0.4064245966201665,0.26633337429497894
2023-02-26,0.3311378304945369,0.2038482317983954,0.32389797765870554,0.33668469304022697,0.29516859417857466,0.26399097714331377,0.20055366856964157,0.34832130714352877,0.3822718863984321,0.28956315516693576,0.29477707135781567,0.2943463011657679,0.33201736930175607,0.289272998543932,0.20154587431609783,0.3236496508775331,0.23925371873173143,0.40236621230893327,0.3265323354193329,0.19654929618170203,0.16634947037093054,0.18689221992704497,0.24877720832559636,0.26102405768639203,0.1488359107606858,0.2644673002195067,0.28530914028064036,0.3002605668877342,0.16966862669380903,0.13603274662499912,0.31502560387879813,0.25831965571476256,0.19266960027348898,0.37743046624692034,0.25908500600568074,0.38839696993449413,0.22030842906953763,0.30455879369033784,0.3319225549365382,0.3065741922266,0.3157092119588236,0.18496646076286138,0.25799810802076373,0.1452781479803649,0.20408779725520254,0.2824640438285745,0.3297120494504535,0.3543058813491872,0.15620627075090987,0.31612458825258094,0.13314504424365034,0.21603833046621282,0.29309901109487163,0.23333254916192245,0.2842792887646614,0.30406638244154105,0.25963362778014965,0.3394375184701348,0.3660610055867471,0.3068312044157606,0.2772699723213335,0.2661252835289788,0.2655044754987825,0.1361995273058126,0.23149481278585815,0.24189300257558125,0.21326808968078487,0.1840965180302434,0.3795442511672742,0.40249422261853735,0.27768583587569345,0.17140519223416492,0.3141353833383597,0.23565884882412577,0.24628929231828733,0.1572400273294211,0.33153681064589574,0.14743458353357244,0.3893818749258531,0.2485510424096918
2023-02-27,0.2648213127902104,0.3548153420616766,0.28719967247710787,0.374667965519319,0.3358188125357405,0.43554578046526454,0.1973368513534587,0.3944181555611071,0.5914044460381642,0.37605122051008033,0.2961581427942172,0.4209030623341078,0.3064474660313434,0.4198950961907967,0.1225075566434289,0.46020472252255773,0.26140787760844947,0.5148285448490164,0.27794217418046446,0.11743267726812377,0.07988639469162671,0.1540499510052662,0.17357222807344252,0.33826607687683474,0.07044622672057733,0.20634954197349992,0.23341295740366114,0.47729692260449236,0.11793049861255128,0.2129797724497636,0.2722327150562053,0.3854926028988189,0.2203882797255482,0.5796146974233065,0.338099983034653,0.6049611569367965,0.14375975476767372,0.22947043421534022,0.38558845904115757,0.46318943800348256,0.4232544293644953,0.3609141104712619,0.319079332921126,0.3132314371824543,0.38684240544520726,0.2917977224887587,0.34744252735045283,0.3621577204053184,0.08155746440482484,0.4134739221889155,0.04479541252984806,0.19066590708265366,0.22355476527222237,0.18318943386686895,0.24017954716874684,0.28173453060522724,0.2199661515242992,0.3662801475888316,0.5664018620330261,0.29137493710809753,0.2523208367150585,0.22684829307104382,0.4088300285594776,0.22869104455187814,0.14583003886733462,0.19111790481407526,0.3644677288334537,0.2814803968614194,0.443171361716493,0.46883113712789715,0.4503746011934585,0.2778775401227421,0.2972092097359987,0.21309265448740206,0.16181243907732445,0.20103477461989291,0.33205272651986933,0.2790457789591442,0.4155683650175678,0.23426892133455496
2023-02-28,0.24591717611261615,0.2790026790449248,0.26342225060570074,0.34785298223883176,0.30809226771411086,0.3456808493024469,0.19181032933967954,0.3662517541157394,0.49348665638685335,0.32716590094098147,0.27743085185277017,0.35190038663400086,0.28277409254525704,0.3483986262418462,0.13159001723292416,0.38765984435511863,0.24143207619785853,0.4603785817686093,0.2582644951100943,0.12514962757224,0.09579668181616202,0.16309609715712375,0.16829327721584625,0.2925985347467683,0.08892514529535658,0.19784021837695648,0.21908095962692775,0.3882311686992126,0.13521738915851275,0.17151823041311487,0.2529051367840151,0.3178803356248976,0.19857581317013479,0.48629875572000353,0.2895031570260526,0.5061577875630495,0.14325313708488377,0.21120328498075436,0.35417050962911295,0.38277291708305206,0.3665314192061288,0.27759328954698603,0.2802764460131061,0.23466583772709204,0.2991258899925657,0.27596125140281,0.3233032517039467,0.33726335131633733,0.09731748791235749,0.3603047025285851,0.0700643053054816,0.19320626135775634,0.20759283669008544,0.1829510322918655,0.2233038106928018,0.2637265476223568,0.2082124771692718,0.3400540556876856,0.47048883552267007,0.26965479692685634,0.23839957163973757,0.21458314367007086,0.33265503191851414,0.18100091916689653,0.14892377960293274,0.1840198723850411,0.28423061322363047,0.22622295704466686,0.4099529792924272,0.4338721359603884,0.3655489644536795,0.2212137122821069,0.27534935735234145,0.2112673547188322,0.15966221684326382,0.1721904101514966,0.3092742165027713,0.21232736378144765,0.38429575995526744,0.22863557142952654
2023-03-01,0.19336921554677153,0.23136577738777953,0.20842966980062513,0.2872075172905086,0.2515713751753113,0.2963739624491328,0.1406121845539576,0.3064479211322113,0.4352273049143181,0.267423651826855,0.22267793197739985,0.2977195777856506,0.22837529286291888,0.29529576568950217,0.08984670636856701,0.33257498741761576,0.18757172699044145,0.3980995331193334,0.20548684170913448,0.08075802320207852,0.056138401534547855,0.10848603384476763,0.1210207417428377,0.235486835135414,0.047855014829224655,0.14885982043817175,0.1678252140471596,0.3340619850321661,0.08915720898626081,0.12604020359598925,0.20051314119046793,0.2637293991944827,0.14718451583170486,0.4263303327497706,0.2376787958860258,0.4464349911978923,0.09452070405899649,0.16118146171040043,0.2923935583602392,0.3275137736802153,0.30585733823680444,0.2301236114707696,0.22453158495671185,0.1883987106390214,0.2513556822150886,0.22040838521792108,0.2669551116473944,0.2827374720745994,0.05369941869014451,0.30138898924925445,0.036257818787347726,0.13914342503629792,0.1558263058023955,0.1362449779616664,0.17075208887034582,0.2122157888780792,0.15605428157228554,0.2800224571861469,0.41333621605860366,0.21406569622139926,0.186976516576451,0.16338078240915896,0.2804034428841691,0.1352292454272629,0.1070755733029465,0.13236617797010974,0.23859394927024175,0.18154826140190486,0.3477298037245046,0.37184618282082266,0.31026207657898053,0.17539446585211102,0.22040988045424978,0.1582331624426762,0.11652423753062,0.1278247519125832,0.2548569739086712,0.16774524622911735,0.3257576182829863,0.17551830502913854
2023-03-02,0.21777783333043735,0.252686728981694,0.2335534922727591,0.301218378439719,0.2687626426138285,0.31766705865653294,0.16059866628664626,0.32147617388952165,0.4522648184434719,0.28375846136825655,0.23688662388809933,0.31665888396677266,0.25286580128470915,0.3148026059888162,0.111873115604171,0.3508380488563631,0.20625955164585708,0.41244313860313947,0.2314837527353449,0.10354566018932833,0.07275844772612432,0.1257570268481857,0.1434872518077834,0.2532145264398712,0.06899680955217573,0.17558072155849824,0.19417501290249978,0.3535860681776509,0.10696110220716398,0.14831692699101034,0.22663120141060444,0.28352321800508484,0.16792004355183576,0.4426319618721861,0.25763016424094204,0.4628637867601021,0.11794223286218633,0.1806269345281242,0.3070607014364871,0.3461872278379114,0.32159608987015514,0.25153765463886435,0.2426250768183329,0.21036281318520864,0.2726306503838164,0.23662517031827848,0.28055035890982094,0.30334404936316184,0.07372668909088718,0.3177081915635831,0.04589035016957345,0.15660306576866523,0.17920900073306487,0.16302977206272276,0.19656519613278642,0.23679534102776317,0.18009737455860092,0.29261286758005683,0.43088774183191436,0.23546409330754492,0.21127262492205573,0.1888222721547801,0.3009637810353458,0.15738256815623047,0.121211962277636,0.15650580789307086,0.2608002087996578,0.20424580930769493,0.36194650048627847,0.38550315143068037,0.3297672685609801,0.19751778192851357,0.24341917171057428,0.1751602861969463,0.13096862048606048,0.1509201716332761,0.27543740443221526,0.1904450222951836,0.342602185774425,0.19246279986524112
2023-03-03,0.250641444277666,0.2711494893345173,0.26778878086978364,0.32803725062239414,0.2912079126331831,0.33621659450818836,0.17967934603354344,0.34648133227048744,0.47590102862822764,0.30795496274602047,0.2677123232289084,0.3377019256125714,0.2865758355464281,0.335153772295145,0.13784730777904874,0.3725317466963509,0.2270207247599308,0.43859359364556993,0.26326084215552853,0.13099199562152095,0.10007326468443609,0.1473276444229937,0.17363549573689044,0.27571622005502544,0.09505522329348418,0.20378122585395278,0.22446770104771357,0.3744023643219262,0.1287240041673559,0.16529346359978453,0.258006479337587,0.30403530179344734,0.18672958482856344,0.4672190023081846,0.2771945040330609,0.4873471289798026,0.14834576245426548,0.2153733822167962,0.3326388417039558,0.3677833992219414,0.34644746145959715,0.2698538848868887,0.26447227432095693,0.227821228032688,0.2911657226706216,0.2611798314088132,0.3120940034273814,0.334892554972155,0.10186812967275079,0.3416569378733377,0.07215277412582045,0.17883371641914825,0.212281107024826,0.18888629008613644,0.22832359219816925,0.26720338381991615,0.21151736532631063,0.3244001437549747,0.4538687858214201,0.26927101190102787,0.24052979355824133,0.21896763511783046,0.32053369438970114,0.17454895094987807,0.15023627379447912,0.18760026149755546,0.27788511856906434,0.22058499736115758,0.3879958734815031,0.41223883580157095,0.35105448372289033,0.21473051138219074,0.27668312048140237,0.19983371642816758,0.16138590882019635,0.16667688619518464,0.3072240009439233,0.206774447148626,0.37739756591311685,0.21688197990390723
2023-03-04,0.34084544399930267,0.12576623681941185,0.3314693655732138,0.32096948104586576,0.26955061613064946,0.17461015924062703,0.1918650685413848,0.3271025501789329,0.29210609940080823,0.24727631663532115,0.29155112692510105,0.22795980345333625,0.3365971479218403,0.21963121647789002,0.22485480289383722,0.25514740448266304,0.2176613758238606,0.35616122555803614,0.33403590500774677,0.22095994832830665,0.19669190926275523,0.19539389246003636,0.2648655944238922,0.21970364362129918,0.1802434169264726,0.27662094133323295,0.29482437851312265,0.2153932346291017,0.18871401851063033,0.0915393078816672,0.32256683760294436,0.19367835845043221,0.16932940795848062,0.29323161400156217,0.21006572649259436,0.29875346298251826,0.24092820022816747,0.31782403794323844,0.30747230471614334,0.231138672488529,0.26782062001684076,0.0997322824281694,0.2215445992569977,0.06583517548642236,0.11404865205309793,0.2736699631969719,0.3219257140407589,0.34890552355051385,0.18590501232312034,0.2698903549115963,0.16915759214917983,0.22117248296514813,0.3053257476377388,0.24636701299889707,0.2934873019508181,0.307515942582189,0.26994958407419295,0.32968108256335504,0.27660982898258146,0.3105862230447924,0.28212977558151503,0.27586442594719607,0.19161651509972608,0.08611769018907067,0.2517235508386003,0.2550912027250149,0.12852531106394358,0.12384578074446473,0.3538921788448506,0.37839920820604156,0.19865982559196455,0.11098412732468675,0.31782739510004376,0.23843150222045684,0.26438317718788906,0.12325359153852612,0.3286871613046074,0.07721160679131295,0.3821803017244204,0.2477788405151367
2023-03-05,0.2985889203220947,0.1698639741758315,0.29106615251753515,0.3036821831630998,0.2624896082686241,0.2316599851803011,0.16755958517516822,0.31583100854429885,0.3499043065093838,0.2553524721946947,0.26104648112059403,0.26141408133029564,0.299296028935977,0.2564904657411095,0.1684878188203439,0.2918704251182923,0.20485378902965584,0.36972379271232464,0.2943217204042252,0.163004597002337,0.13372872415308368,0.1531415111664211,0.2142344596141981,0.2272177473045272,0.11714730820997601,0.2321990187587541,0.25247840929060533,0.2671933956371091,0.13763543280807586,0.10442520310301456,0.28283978694415335,0.22440492560426886,0.15914461435172872,0.34449112204215426,0.22652192285976652,0.355679945147952,0.18524995922304147,0.27080465937629444,0.2991620881782818,0.2738287242128667,0.2825617100710133,0.15139284078759782,0.22439050152217466,0.11294292296002556,0.17007668298377152,0.25004600398046195,0.29691876434165965,0.32183229817440423,0.12388457678318131,0.2835812367625344,0.10219741460795297,0.18174292897915773,0.2592198593586303,0.1998094339610681,0.25120604126211254,0.2716424093029603,0.22596734651521813,0.30587197405364225,0.33347288754043636,0.27343907760725555,0.2453445814519544,0.23352646549881106,0.23288318220145665,0.10446355043749694,0.19661631136640903,0.20633612823624947,0.1800971739403515,0.15187072329530996,0.3472102829142769,0.3699321752079463,0.24465587998825336,0.13884288405001016,0.2813814980434353,0.20094465659922997,0.21121827240540672,0.12588097622694255,0.29916299961130444,0.1158421575289186,0.3565187320207504,0.21437926590570078
2023-03-06,0.2483342771701127,0.32343185659305307,0.2705953622721503,0.35137958639084876,0.30706288046807917,0.4034241080139124,0.16663519007363858,0.3698368406523408,0.5602024735193203,0.34400092894629386,0.275125618030483,0.38990781906020233,0.2898716006240434,0.3890868480237319,0.103703598037378,0.4294199805405437,0.22966423130962305,0.48389039813389007,0.26089756779958206,0.09856288624266771,0.06405385078433598,0.12924263291145466,0.1545052268274613,0.30510241102915797,0.05202097585110248,0.18634189564575052,0.21528585385642324,0.4458846122382877,0.09574533735498857,0.18474721763229274,0.254653491581852,0.35250721407485897,0.18941303425909686,0.5480279740160561,0.30626558307341256,0.5734702456783888,0.12487707615783573,0.21388520010965656,0.3590119613342486,0.4317461688690127,0.3910042708906536,0.3300608056315758,0.2864059545936787,0.2843845332352941,0.3554199836177956,0.2678357753372671,0.3265653385006981,0.3434877467314115,0.06310586083493651,0.38173457814612316,0.0336219443910388,0.16623056221256519,0.2064983603748874,0.1625309538164779,0.22224826096155928,0.26325179012059796,0.200081701210785,0.3454364757018567,0.5354122503236258,0.27298583125985504,0.23221463443517826,0.20694814645551277,0.3762931155369629,0.20041510515709418,0.12970048587716249,0.1715542930095007,0.3335822589816959,0.2514587430275847,0.41843421765224476,0.4447350268269653,0.41730029475131286,0.24783146108705242,0.27918460813833973,0.18951548557269818,0.14566736969124217,0.17196903342889783,0.31350034620205935,0.250264282682468,0.39665125336231244,0.2102411474147927
2023-03-07,0.3668162410186971,0.3464914719662907,0.3905886137183657,0.4526422246896108,0.3897531845664992,0.41525980384733896,0.257874871266908,0.46257791475776155,0.584701001721968,0.41937272555405525,0.3850921294827973,0.42911626571565364,0.40528151380652705,0.4229477934044972,0.21789502874242006,0.46647449400597457,0.3155214001363103,0.5612140605923758,0.3743971564324383,0.2188074729949005,0.18214945255562492,0.24294828568022453,0.27550806399218436,0.37772716711447035,0.1689925665043111,0.2974240458435667,0.32837467083101307,0.4699920588369701,0.20466952181140569,0.22867172749287965,0.36719834653911726,0.3992334943771857,0.2663716011135305,0.5828835455532897,0.3573269922045265,0.6023150325449187,0.2515401668603615,0.34067707174500306,0.45345708689437747,0.46556821082146427,0.4615518320062923,0.34256327377104356,0.35937023350182756,0.29405812564038397,0.3659876058861786,0.366113196531458,0.4342087918991208,0.4464492344415814,0.18382894450305898,0.448649431562693,0.13631678174942707,0.276197469473456,0.3291224732387289,0.2691940364223662,0.33902623513547425,0.3692055049187369,0.31840654560654147,0.45700535129815734,0.5587266885288602,0.3900928087930503,0.3394862179147035,0.3206068664926942,0.40816968246449414,0.23888466139451323,0.2467095275081155,0.2938137223111419,0.34262715120545206,0.280410826262255,0.5105426213153893,0.5399440166277725,0.4536331067583849,0.2803509169322751,0.3933528477619041,0.2985946832197704,0.26610536729149137,0.22336567277090122,0.41912684244949056,0.26477271275162495,0.5083619518540314,0.31499670401823765
2023-03-08,0.3866492741488943,0.37208731276561957,0.41121917086592047,0.47616402747025416,0.4133584929210712,0.44209238446586496,0.278821546230498,0.48491138230610725,0.6186182216339949,0.45426770895525154,0.4061310921980598,0.45942979421134994,0.42545985741946846,0.45236870970017873,0.2334513576938828,0.4973780717439497,0.338963963690572,0.5899902809082529,0.39362277315271954,0.23527908598916178,0.19821046184900518,0.26248202689692585,0.29362467114874635,0.4108852364625536,0.1838208121834786,0.31454252397768134,0.346729498110829,0.5008043287160776,0.22019081081461897,0.2517194868994366,0.3861897439972511,0.4303509973175754,0.29454568636072614,0.6184772398455256,0.3852966239831001,0.6376441095477718,0.2698250675355024,0.36163054712874293,0.4779963998673863,0.49717466865764803,0.49767142065917064,0.3665194386059378,0.39095330330022277,0.31524348856926593,0.39074946726341375,0.3869412685259659,0.4559242640390634,0.4670741554079672,0.1995975981141913,0.48283585858352607,0.1526975798789242,0.29526942273295154,0.3490363292550951,0.28473138595808445,0.3581996410411576,0.38777366567509935,0.33728769796669245,0.4804104492950708,0.5917531359585394,0.41093840657977854,0.35763683057135776,0.3387183013821948,0.437327285594768,0.26174617478182194,0.26501005964337193,0.3124646920501827,0.3658190153111754,0.30292315535292347,0.5344768420729441,0.5638674325350009,0.48608267627756696,0.30398268443924453,0.4137293914852205,0.31720135301447566,0.2851221135649339,0.24581755196870012,0.43958604680761504,0.28510558425426835,0.531427990244102,0.33379240638730706
2023-03-09,0.3743637570485025,0.3809893646490291,0.3967185802192236,0.4691533931446163,0.4169388759432569,0.4501503198554368,0.2895594567164264,0.481610806953307,0.6192342829403243,0.45468365997095544,0.3978459209233769,0.46463125496842983,0.41221450950766086,0.4585163200102309,0.23322331859606185,0.502138120858517,0.34767972286260707,0.5902416052009581,0.38302213031861465,0.23245981481273648,0.1972185983791893,0.26379587647695096,0.2861195129950362,0.413291434938959,0.18564480813341322,0.30979118964393115,0.3385461334494023,0.5046816755797578,0.22483161064979773,0.2638616481399197,0.37623926850392225,0.4342796687398079,0.30271721079324554,0.6172951180943922,0.39366298934452704,0.6365527964298775,0.26187521822823473,0.3462561260817475,0.47504127588894934,0.5006236340609667,0.4969002676818756,0.3766351328125831,0.3954467933778286,0.32840014995038613,0.4001103634393928,0.38471512194227936,0.446721678542136,0.45819919130765546,0.19874322607838363,0.4843323055614495,0.14995686635064173,0.2955887593861791,0.3365277721378414,0.2843692174064335,0.34774399747794765,0.38070830670707095,0.3284724915298037,0.46874107498157547,0.593441545479392,0.3983175486636866,0.351875951640984,0.33129682501966856,0.4432297035321484,0.2738643527761314,0.25741981865701263,0.303671443414588,0.3777954878187533,0.31612525603819197,0.529928524729531,0.5572911069658637,0.4878456010645121,0.31553678839362576,0.40186273936980116,0.3156599821556118,0.27555134440313855,0.25979109600108946,0.43069774241841546,0.29980292038760503,0.5175824357992668,0.33302377591423793
2023-03-10,0.3108895632998855,0.317134745191392,0.33074726940178345,0.392726634407029,0.34463061354303814,0.38326335866002226,0.22467323670599548,0.40716488998405737,0.5354439388749187,0.3681959473371401,0.32885247915249416,0.38990126883890175,0.34765827046910686,0.385906578621915,0.18334187126077323,0.4257979259040576,0.27646236092716436,0.5019787832881778,0.3214473445196432,0.17965719605391547,0.14649021450543256,0.1998375260554855,0.2280343573930519,0.33210693373236466,0.13807667972371684,0.25481050007310274,0.279696415900751,0.4286300952665514,0.1739409268605647,0.20647882445266294,0.3153974353282271,0.3579763728043451,0.23379419023792675,0.5295181052708556,0.32461376988691965,0.549420108581482,0.20328874924343987,0.2792997206807591,0.39466044909796744,0.4227160828889561,0.40837861693823585,0.3153913191779957,0.3179171964250326,0.2705822054545605,0.3374079134640358,0.3182227620024956,0.3752226873619048,0.3932559308630033,0.1481556954426657,0.4002530601124531,0.10909198118943374,0.2330624014273217,0.27280213886338495,0.23433656255220697,0.2863326735897559,0.32139007188887203,0.26758432362288154,0.3925870092619783,0.5117975990831555,0.3310760603429057,0.29354451221246214,0.27307756490367874,0.37133175501792887,0.21635367574307704,0.20119842060626694,0.24357429091372013,0.3194067203660869,0.25971106255881166,0.45145283770384376,0.47771650976182556,0.4080760202642845,0.2566639258830061,0.3368805394549587,0.254528141088099,0.21636412674266547,0.20411637317423884,0.36563848374342833,0.2459182316622286,0.4433826621640466,0.2712720558443905
